"","sampleID","percent_aquatic_pa","percent_aquatic_ra","num_fam","parental_investment_proj","band","species","location","site","nest","year","age","sex","capture_date","cap_doy","cap_num","age.1","mass","bhead","fwing","sseries_type","cort1_raw","cort1_correct","glucose1","buty","cort2_raw","cort2_correct","glucose2","inject1_type","inject1_dose","inject2_type","inject2_dose","cort3_raw","cort3_correct","glucose3","fate","micro_nb","blood_nb","bolus_nb","lifetag_nb","Notes","site_box_year","Nest_Experiment","Nest_Treatment","Day6_Brood_Mass","Brood_Size_Day6","avg_day6_mass","exp_treat","TotalReads"
"1","cap12p4p2pd10",0.5,0.363636363636364,10,"yes","(12-4) 2","TRES","","Gut_passage","Captive","2019","Nestling","","6/16/19","167","","10",NA,NA,NA,"",NA,NA,NA,NA,NA,NA,NA,"",NA,"",NA,NA,NA,NA,"","","","","","","Gut_passage_Captive_2019",NA,NA,NA,NA,NA,"NA_NA",22
"2","cap12p4p2pd11",0.4,0.710526315789474,10,"yes","(12-4) 2","TRES","","Gut_passage","Captive","2019","Nestling","","6/17/19","168","","11",NA,NA,NA,"",NA,NA,NA,NA,NA,NA,NA,"",NA,"",NA,NA,NA,NA,"","","","","","","Gut_passage_Captive_2019",NA,NA,NA,NA,NA,"NA_NA",38
"3","cap12p4p2pd12",0.454545454545455,0.527777777777778,11,"yes","(12-4) 2","TRES","","Gut_passage","Captive","2019","Nestling","","6/18/19","169","","12",NA,NA,NA,"",NA,NA,NA,NA,NA,NA,NA,"",NA,"",NA,NA,NA,NA,"","","","","","","Gut_passage_Captive_2019",NA,NA,NA,NA,NA,"NA_NA",36
"4","cap12p4p2pd6",0.3125,0.514705882352941,16,"yes","(12-4) 2","TRES","","Gut_passage","Captive","2019","Nestling","","6/12/19","163","","6",NA,NA,NA,"",NA,NA,NA,NA,NA,NA,NA,"",NA,"",NA,NA,NA,NA,"","","","","","","Gut_passage_Captive_2019",NA,NA,NA,NA,NA,"NA_NA",68
"5","cap12p4p2pd7",0.294117647058824,0.5,17,"yes","(12-4) 2","TRES","","Gut_passage","Captive","2019","Nestling","","6/13/19","164","","7",NA,NA,NA,"",NA,NA,NA,NA,NA,NA,NA,"",NA,"",NA,NA,NA,NA,"","","","","","","Gut_passage_Captive_2019",NA,NA,NA,NA,NA,"NA_NA",72
"6","cap12p4p2pd8",0.416666666666667,0.739130434782609,12,"yes","(12-4) 2","TRES","","Gut_passage","Captive","2019","Nestling","","6/14/19","165","","8",NA,NA,NA,"",NA,NA,NA,NA,NA,NA,NA,"",NA,"",NA,NA,NA,NA,"","","","","","","Gut_passage_Captive_2019",NA,NA,NA,NA,NA,"NA_NA",46
"7","cap12p4p2pd9",0.357142857142857,0.639344262295082,14,"yes","(12-4) 2","TRES","","Gut_passage","Captive","2019","Nestling","","6/15/19","166","","9",NA,NA,NA,"",NA,NA,NA,NA,NA,NA,NA,"",NA,"",NA,NA,NA,NA,"","","","","","","Gut_passage_Captive_2019",NA,NA,NA,NA,NA,"NA_NA",61
"8","cap22p4p3pd10",0.285714285714286,0.25,7,"yes","(22-4) 3","TRES","","Gut_passage","Captive","2019","Nestling","","6/16/19","167","","10",NA,NA,NA,"",NA,NA,NA,NA,NA,NA,NA,"",NA,"",NA,NA,NA,NA,"","","","","","","Gut_passage_Captive_2019",NA,NA,NA,NA,NA,"NA_NA",32
"9","cap22p4p3pd11",0.555555555555556,0.7,9,"yes","(22-4) 3","TRES","","Gut_passage","Captive","2019","Nestling","","6/17/19","168","","11",NA,NA,NA,"",NA,NA,NA,NA,NA,NA,NA,"",NA,"",NA,NA,NA,NA,"","","","","","","Gut_passage_Captive_2019",NA,NA,NA,NA,NA,"NA_NA",20
"10","cap22p4p3pd12",0.363636363636364,0.325,11,"yes","(22-4) 3","TRES","","Gut_passage","Captive","2019","Nestling","","6/18/19","169","","12",NA,NA,NA,"",NA,NA,NA,NA,NA,NA,NA,"",NA,"",NA,NA,NA,NA,"","","","","","","Gut_passage_Captive_2019",NA,NA,NA,NA,NA,"NA_NA",40
"11","cap22p4p3pd6",0.333333333333333,0.69811320754717,12,"yes","(22-4) 3","TRES","","Gut_passage","Captive","2019","Nestling","","6/12/19","163","","6",NA,NA,NA,"",NA,NA,NA,NA,NA,NA,NA,"",NA,"",NA,NA,NA,NA,"","","","","","","Gut_passage_Captive_2019",NA,NA,NA,NA,NA,"NA_NA",53
"12","cap22p4p3pd7",0.315789473684211,0.376470588235294,19,"yes","(22-4) 3","TRES","","Gut_passage","Captive","2019","Nestling","","6/13/19","164","","7",NA,NA,NA,"",NA,NA,NA,NA,NA,NA,NA,"",NA,"",NA,NA,NA,NA,"","","","","","","Gut_passage_Captive_2019",NA,NA,NA,NA,NA,"NA_NA",85
"13","cap22p4p3pd8",0.222222222222222,0.3125,18,"yes","(22-4) 3","TRES","","Gut_passage","Captive","2019","Nestling","","6/14/19","165","","8",NA,NA,NA,"",NA,NA,NA,NA,NA,NA,NA,"",NA,"",NA,NA,NA,NA,"","","","","","","Gut_passage_Captive_2019",NA,NA,NA,NA,NA,"NA_NA",64
"14","cap22p4p3pd9",0.3,0.294117647058824,10,"yes","(22-4) 3","TRES","","Gut_passage","Captive","2019","Nestling","","6/15/19","166","","9",NA,NA,NA,"",NA,NA,NA,NA,NA,NA,NA,"",NA,"",NA,NA,NA,NA,"","","","","","","Gut_passage_Captive_2019",NA,NA,NA,NA,NA,"NA_NA",34
"15","cap34p4p4pd10",0.384615384615385,0.202247191011236,13,"yes","(34-4) 4","TRES","","Gut_passage","Captive","2019","Nestling","","6/18/19","169","","10",NA,NA,NA,"",NA,NA,NA,NA,NA,NA,NA,"",NA,"",NA,NA,NA,NA,"","","","","","","Gut_passage_Captive_2019",NA,NA,NA,NA,NA,"NA_NA",89
"16","cap34p4p4pd11",0.5,0.41025641025641,6,"yes","(34-4) 4","TRES","","Gut_passage","Captive","2019","Nestling","","6/19/19","170","","11",NA,NA,NA,"",NA,NA,NA,NA,NA,NA,NA,"",NA,"",NA,NA,NA,NA,"","","","","","","Gut_passage_Captive_2019",NA,NA,NA,NA,NA,"NA_NA",39
"17","cap34p4p4pd12",0.363636363636364,0.121951219512195,11,"yes","(34-4) 4","TRES","","Gut_passage","Captive","2019","Nestling","","6/20/19","171","","12",NA,NA,NA,"",NA,NA,NA,NA,NA,NA,NA,"",NA,"",NA,NA,NA,NA,"","","","","","","Gut_passage_Captive_2019",NA,NA,NA,NA,NA,"NA_NA",123
"18","cap34p4p4pd6",0.333333333333333,0.705882352941177,15,"yes","(34-4) 4","TRES","","Gut_passage","Captive","2019","Nestling","","6/14/19","165","","6",NA,NA,NA,"",NA,NA,NA,NA,NA,NA,NA,"",NA,"",NA,NA,NA,NA,"","","","","","","Gut_passage_Captive_2019",NA,NA,NA,NA,NA,"NA_NA",85
"19","cap34p4p4pd7",0.421052631578947,0.677083333333333,19,"yes","(34-4) 4","TRES","","Gut_passage","Captive","2019","Nestling","","6/15/19","166","","7",NA,NA,NA,"",NA,NA,NA,NA,NA,NA,NA,"",NA,"",NA,NA,NA,NA,"","","","","","","Gut_passage_Captive_2019",NA,NA,NA,NA,NA,"NA_NA",96
"20","cap34p4p4pd8",0.357142857142857,0.378787878787879,14,"yes","(34-4) 4","TRES","","Gut_passage","Captive","2019","Nestling","","6/16/19","167","","8",NA,NA,NA,"",NA,NA,NA,NA,NA,NA,NA,"",NA,"",NA,NA,NA,NA,"","","","","","","Gut_passage_Captive_2019",NA,NA,NA,NA,NA,"NA_NA",66
"21","cap34p4p4pd9",0.571428571428571,0.49438202247191,14,"yes","(34-4) 4","TRES","","Gut_passage","Captive","2019","Nestling","","6/17/19","168","","9",NA,NA,NA,"",NA,NA,NA,NA,NA,NA,NA,"",NA,"",NA,NA,NA,NA,"","","","","","","Gut_passage_Captive_2019",NA,NA,NA,NA,NA,"NA_NA",89
"22","cap4p4p1pd10",0.357142857142857,0.3125,14,"yes","(4-4) 1","TRES","","Gut_passage","Captive","2019","Nestling","","6/16/19","167","","10",NA,NA,NA,"",NA,NA,NA,NA,NA,NA,NA,"",NA,"",NA,NA,NA,NA,"","","","","","","Gut_passage_Captive_2019",NA,NA,NA,NA,NA,"NA_NA",32
"23","cap4p4p1pd11",0.3125,0.471698113207547,16,"yes","(4-4) 1","TRES","","Gut_passage","Captive","2019","Nestling","","6/17/19","168","","11",NA,NA,NA,"",NA,NA,NA,NA,NA,NA,NA,"",NA,"",NA,NA,NA,NA,"","","","","","","Gut_passage_Captive_2019",NA,NA,NA,NA,NA,"NA_NA",53
"24","cap4p4p1pd12",0.428571428571429,0.709090909090909,21,"yes","(4-4) 1","TRES","","Gut_passage","Captive","2019","Nestling","","6/18/19","169","","12",NA,NA,NA,"",NA,NA,NA,NA,NA,NA,NA,"",NA,"",NA,NA,NA,NA,"","","","","","","Gut_passage_Captive_2019",NA,NA,NA,NA,NA,"NA_NA",110
"25","cap4p4p1pd6",0.384615384615385,0.449275362318841,13,"yes","(4-4) 1","TRES","","Gut_passage","Captive","2019","Nestling","","6/12/19","163","","6",NA,NA,NA,"",NA,NA,NA,NA,NA,NA,NA,"",NA,"",NA,NA,NA,NA,"","","","","","","Gut_passage_Captive_2019",NA,NA,NA,NA,NA,"NA_NA",69
"26","cap4p4p1pd7",0.416666666666667,0.675675675675676,12,"yes","(4-4) 1","TRES","","Gut_passage","Captive","2019","Nestling","","6/13/19","164","","7",NA,NA,NA,"",NA,NA,NA,NA,NA,NA,NA,"",NA,"",NA,NA,NA,NA,"","","","","","","Gut_passage_Captive_2019",NA,NA,NA,NA,NA,"NA_NA",37
"27","cap4p4p1pd8",0.5,0.269230769230769,8,"yes","(4-4) 1","TRES","","Gut_passage","Captive","2019","Nestling","","6/14/19","165","","8",NA,NA,NA,"",NA,NA,NA,NA,NA,NA,NA,"",NA,"",NA,NA,NA,NA,"","","","","","","Gut_passage_Captive_2019",NA,NA,NA,NA,NA,"NA_NA",52
"28","cap4p4p1pd9",0.333333333333333,0.282051282051282,9,"yes","(4-4) 1","TRES","","Gut_passage","Captive","2019","Nestling","","6/15/19","166","","9",NA,NA,NA,"",NA,NA,NA,NA,NA,NA,NA,"",NA,"",NA,NA,NA,NA,"","","","","","","Gut_passage_Captive_2019",NA,NA,NA,NA,NA,"NA_NA",39
"29","cap64p4p5pd10",0.625,0.5625,8,"yes","(64-4) 5","TRES","","Gut_passage","Captive","2019","Nestling","","6/18/19","169","","10",NA,NA,NA,"",NA,NA,NA,NA,NA,NA,NA,"",NA,"",NA,NA,NA,NA,"","","","","","","Gut_passage_Captive_2019",NA,NA,NA,NA,NA,"NA_NA",32
"30","cap64p4p5pd11",0.333333333333333,0.0645161290322581,9,"yes","(64-4) 5","TRES","","Gut_passage","Captive","2019","Nestling","","6/19/19","170","","11",NA,NA,NA,"",NA,NA,NA,NA,NA,NA,NA,"",NA,"",NA,NA,NA,NA,"","","","","","","Gut_passage_Captive_2019",NA,NA,NA,NA,NA,"NA_NA",62
"31","cap64p4p5pd12",0.444444444444444,0.695652173913044,9,"yes","(64-4) 5","TRES","","Gut_passage","Captive","2019","Nestling","","6/20/19","171","","12",NA,NA,NA,"",NA,NA,NA,NA,NA,NA,NA,"",NA,"",NA,NA,NA,NA,"","","","","","","Gut_passage_Captive_2019",NA,NA,NA,NA,NA,"NA_NA",92
"32","cap64p4p5pd6",0.363636363636364,0.171428571428571,11,"yes","(64-4) 5","TRES","","Gut_passage","Captive","2019","Nestling","","6/14/19","165","","6",NA,NA,NA,"",NA,NA,NA,NA,NA,NA,NA,"",NA,"",NA,NA,NA,NA,"","","","","","","Gut_passage_Captive_2019",NA,NA,NA,NA,NA,"NA_NA",70
"33","cap64p4p5pd7",0.352941176470588,0.576923076923077,17,"yes","(64-4) 5","TRES","","Gut_passage","Captive","2019","Nestling","","6/15/19","166","","7",NA,NA,NA,"",NA,NA,NA,NA,NA,NA,NA,"",NA,"",NA,NA,NA,NA,"","","","","","","Gut_passage_Captive_2019",NA,NA,NA,NA,NA,"NA_NA",156
"34","cap64p4p5pd8",0.444444444444444,0.549618320610687,18,"yes","(64-4) 5","TRES","","Gut_passage","Captive","2019","Nestling","","6/16/19","167","","8",NA,NA,NA,"",NA,NA,NA,NA,NA,NA,NA,"",NA,"",NA,NA,NA,NA,"","","","","","","Gut_passage_Captive_2019",NA,NA,NA,NA,NA,"NA_NA",131
"35","cap64p4p5pd9",0.266666666666667,0.253012048192771,15,"yes","(64-4) 5","TRES","","Gut_passage","Captive","2019","Nestling","","6/17/19","168","","9",NA,NA,NA,"",NA,NA,NA,NA,NA,NA,NA,"",NA,"",NA,NA,NA,NA,"","","","","","","Gut_passage_Captive_2019",NA,NA,NA,NA,NA,"NA_NA",166
"36","L19N005a",0.6,0.833333333333333,5,"yes","","TRES","Ithaca","Unit_4","94","2019","Nestling","","","161","1","6",NA,NA,NA,"",NA,NA,NA,NA,NA,NA,NA,"",NA,"",NA,NA,NA,NA,"","","","","","","Unit_4_94_2019","Light","Light_Control",64.85,5,12.97,"Light_Light_Control",12
"37","L19N005b",0.571428571428571,0.882352941176471,7,"yes","","TRES","Ithaca","Unit_4","94","2019","Nestling","","","161","1","6",NA,NA,NA,"",NA,NA,NA,NA,NA,NA,NA,"",NA,"",NA,NA,NA,NA,"","","","","","","Unit_4_94_2019","Light","Light_Control",64.85,5,12.97,"Light_Light_Control",51
"38","L19N005c",0.4,0.25,5,"yes","","TRES","Ithaca","Unit_4","94","2019","Nestling","","","161","1","6",NA,NA,NA,"",NA,NA,NA,NA,NA,NA,NA,"",NA,"",NA,NA,NA,NA,"","","","","","","Unit_4_94_2019","Light","Light_Control",64.85,5,12.97,"Light_Light_Control",8
"39","L19N005d",0.8,0.995260663507109,5,"yes","","TRES","Ithaca","Unit_4","94","2019","Nestling","","","161","1","6",NA,NA,NA,"",NA,NA,NA,NA,NA,NA,NA,"",NA,"",NA,NA,NA,NA,"","","","","","","Unit_4_94_2019","Light","Light_Control",64.85,5,12.97,"Light_Light_Control",211
"40","L19N006a",0.444444444444444,0.99500991181899,9,"yes","","TRES","Ithaca","Turkey_Hill","3","2019","Nestling","","","162","1","6",NA,NA,NA,"",NA,NA,NA,NA,NA,NA,NA,"",NA,"",NA,NA,NA,NA,"","","","","","","Turkey_Hill_3_2019","Light","Light",65.25,5,13.05,"Light_Light",14629
"41","L19N006b",0.4,0.440619621342513,10,"yes","","TRES","Ithaca","Turkey_Hill","3","2019","Nestling","","","162","1","6",NA,NA,NA,"",NA,NA,NA,NA,NA,NA,NA,"",NA,"",NA,NA,NA,NA,"","","","","","","Turkey_Hill_3_2019","Light","Light",65.25,5,13.05,"Light_Light",1743
"42","L19N006c",0.5,0.327433628318584,10,"yes","","TRES","Ithaca","Turkey_Hill","3","2019","Nestling","","","162","1","6",NA,NA,NA,"",NA,NA,NA,NA,NA,NA,NA,"",NA,"",NA,NA,NA,NA,"","","","","","","Turkey_Hill_3_2019","Light","Light",65.25,5,13.05,"Light_Light",113
"43","L19N006d",0.4,0.578313253012048,5,"yes","","TRES","Ithaca","Turkey_Hill","3","2019","Nestling","","","162","1","6",NA,NA,NA,"",NA,NA,NA,NA,NA,NA,NA,"",NA,"",NA,NA,NA,NA,"","","","","","","Turkey_Hill_3_2019","Light","Light",65.25,5,13.05,"Light_Light",83
"44","L19N006e",0.444444444444444,0.893617021276596,9,"yes","","TRES","Ithaca","Turkey_Hill","3","2019","Nestling","","","162","1","6",NA,NA,NA,"",NA,NA,NA,NA,NA,NA,NA,"",NA,"",NA,NA,NA,NA,"","","","","","","Turkey_Hill_3_2019","Light","Light",65.25,5,13.05,"Light_Light",47
"45","L19N007a",0.666666666666667,0.98766414643852,6,"yes","","TRES","Ithaca","Turkey_Hill","106","2019","Nestling","","","162","1","6",NA,NA,NA,"",NA,NA,NA,NA,NA,NA,NA,"",NA,"",NA,NA,NA,NA,"","","","","","","Turkey_Hill_106_2019","Light","Light",48.91,5,9.782,"Light_Light",2513
"46","L19N007b",0.75,0.96,4,"yes","","TRES","Ithaca","Turkey_Hill","106","2019","Nestling","","","162","1","6",NA,NA,NA,"",NA,NA,NA,NA,NA,NA,NA,"",NA,"",NA,NA,NA,NA,"","","","","","","Turkey_Hill_106_2019","Light","Light",48.91,5,9.782,"Light_Light",25
"47","L19N007d",0.454545454545455,0.971068484464172,11,"yes","","TRES","Ithaca","Turkey_Hill","106","2019","Nestling","","","162","1","6",NA,NA,NA,"",NA,NA,NA,NA,NA,NA,NA,"",NA,"",NA,NA,NA,NA,"","","","","","","Turkey_Hill_106_2019","Light","Light",48.91,5,9.782,"Light_Light",25232
"48","L19N008a",0.416666666666667,0.638104531316704,12,"yes","","TRES","Ithaca","Turkey_Hill","121","2019","Nestling","","","162","1","6",NA,NA,NA,"",NA,NA,NA,NA,NA,NA,NA,"",NA,"",NA,NA,NA,NA,"","","","","","","Turkey_Hill_121_2019","Light","Light_Control",70,6,11.6666666666667,"Light_Light_Control",16397
"49","L19N008b",0.307692307692308,0.939673969473575,13,"yes","","TRES","Ithaca","Turkey_Hill","121","2019","Nestling","","","162","1","6",NA,NA,NA,"",NA,NA,NA,NA,NA,NA,NA,"",NA,"",NA,NA,NA,NA,"","","","","","","Turkey_Hill_121_2019","Light","Light_Control",70,6,11.6666666666667,"Light_Light_Control",9631
"50","L19N008c",0.333333333333333,0.910179640718563,9,"yes","","TRES","Ithaca","Turkey_Hill","121","2019","Nestling","","","162","1","6",NA,NA,NA,"",NA,NA,NA,NA,NA,NA,NA,"",NA,"",NA,NA,NA,NA,"","","","","","","Turkey_Hill_121_2019","Light","Light_Control",70,6,11.6666666666667,"Light_Light_Control",167
"51","L19N008d",0.4,0.354166666666667,10,"yes","","TRES","Ithaca","Turkey_Hill","121","2019","Nestling","","","162","1","6",NA,NA,NA,"",NA,NA,NA,NA,NA,NA,NA,"",NA,"",NA,NA,NA,NA,"","","","","","","Turkey_Hill_121_2019","Light","Light_Control",70,6,11.6666666666667,"Light_Light_Control",48
"52","L19N008e",0.416666666666667,0.568852459016393,12,"yes","","TRES","Ithaca","Turkey_Hill","121","2019","Nestling","","","162","1","6",NA,NA,NA,"",NA,NA,NA,NA,NA,NA,NA,"",NA,"",NA,NA,NA,NA,"","","","","","","Turkey_Hill_121_2019","Light","Light_Control",70,6,11.6666666666667,"Light_Light_Control",610
"53","L19N008f",0.75,0.999662731871838,4,"yes","","TRES","Ithaca","Turkey_Hill","121","2019","Nestling","","","162","1","6",NA,NA,NA,"",NA,NA,NA,NA,NA,NA,NA,"",NA,"",NA,NA,NA,NA,"","","","","","","Turkey_Hill_121_2019","Light","Light_Control",70,6,11.6666666666667,"Light_Light_Control",2965
"54","L19N009a",0.533333333333333,0.132571977676756,15,"yes","","TRES","Ithaca","Turkey_Hill","51","2019","Nestling","","","163","1","6",NA,NA,NA,"",NA,NA,NA,NA,NA,NA,NA,"",NA,"",NA,NA,NA,NA,"","","","","","","Turkey_Hill_51_2019","Light","Light_Control",39.5,4,9.875,"Light_Light_Control",27057
"55","L19N009b",0.384615384615385,0.847972972972973,13,"yes","","TRES","Ithaca","Turkey_Hill","51","2019","Nestling","","","163","1","6",NA,NA,NA,"",NA,NA,NA,NA,NA,NA,NA,"",NA,"",NA,NA,NA,NA,"","","","","","","Turkey_Hill_51_2019","Light","Light_Control",39.5,4,9.875,"Light_Light_Control",296
"56","L19N009c",0.5,0.0624950432230946,12,"yes","","TRES","Ithaca","Turkey_Hill","51","2019","Nestling","","","163","1","6",NA,NA,NA,"",NA,NA,NA,NA,NA,NA,NA,"",NA,"",NA,NA,NA,NA,"","","","","","","Turkey_Hill_51_2019","Light","Light_Control",39.5,4,9.875,"Light_Light_Control",25218
"57","L19N010a",0.533333333333333,0.549019607843137,15,"yes","","TRES","Ithaca","Unit_4","78","2019","Nestling","","","163","1","6",NA,NA,NA,"",NA,NA,NA,NA,NA,NA,NA,"",NA,"",NA,NA,NA,NA,"","","","","","","Unit_4_78_2019","Light","Light_Control",54.39,5,10.878,"Light_Light_Control",51
"58","L19N010b",0.541666666666667,0.784286887489734,24,"yes","","TRES","Ithaca","Unit_4","78","2019","Nestling","","","163","1","6",NA,NA,NA,"",NA,NA,NA,NA,NA,NA,NA,"",NA,"",NA,NA,NA,NA,"","","","","","","Unit_4_78_2019","Light","Light_Control",54.39,5,10.878,"Light_Light_Control",7306
"59","L19N010c",0.366666666666667,0.591763524178505,30,"yes","","TRES","Ithaca","Unit_4","78","2019","Nestling","","","163","1","6",NA,NA,NA,"",NA,NA,NA,NA,NA,NA,NA,"",NA,"",NA,NA,NA,NA,"","","","","","","Unit_4_78_2019","Light","Light_Control",54.39,5,10.878,"Light_Light_Control",13938
"60","L19N010d",0.318181818181818,0.95971527510581,22,"yes","","TRES","Ithaca","Unit_4","78","2019","Nestling","","","163","1","6",NA,NA,NA,"",NA,NA,NA,NA,NA,NA,NA,"",NA,"",NA,NA,NA,NA,"","","","","","","Unit_4_78_2019","Light","Light_Control",54.39,5,10.878,"Light_Light_Control",25990
"61","L19N011a",0.416666666666667,0.376334519572954,24,"yes","","TRES","Ithaca","Unit_4","80","2019","Nestling","","","163","1","6",NA,NA,NA,"",NA,NA,NA,NA,NA,NA,NA,"",NA,"",NA,NA,NA,NA,"","","","","","","Unit_4_80_2019","Light","Light",72.86,6,12.1433333333333,"Light_Light",10116
"62","L19N011b",0.333333333333333,0.611208524413272,24,"yes","","TRES","Ithaca","Unit_4","80","2019","Nestling","","","163","1","6",NA,NA,NA,"",NA,NA,NA,NA,NA,NA,NA,"",NA,"",NA,NA,NA,NA,"","","","","","","Unit_4_80_2019","Light","Light",72.86,6,12.1433333333333,"Light_Light",29656
"63","L19N011c",0.333333333333333,0.0110487006974878,18,"yes","","TRES","Ithaca","Unit_4","80","2019","Nestling","","","163","1","6",NA,NA,NA,"",NA,NA,NA,NA,NA,NA,NA,"",NA,"",NA,NA,NA,NA,"","","","","","","Unit_4_80_2019","Light","Light",72.86,6,12.1433333333333,"Light_Light",16201
"64","L19N011d",0.333333333333333,0.396719630958483,18,"yes","","TRES","Ithaca","Unit_4","80","2019","Nestling","","","163","1","6",NA,NA,NA,"",NA,NA,NA,NA,NA,NA,NA,"",NA,"",NA,NA,NA,NA,"","","","","","","Unit_4_80_2019","Light","Light",72.86,6,12.1433333333333,"Light_Light",1951
"65","L19N011e",0.4,0.348755832037325,15,"yes","","TRES","Ithaca","Unit_4","80","2019","Nestling","","","163","1","6",NA,NA,NA,"",NA,NA,NA,NA,NA,NA,NA,"",NA,"",NA,NA,NA,NA,"","","","","","","Unit_4_80_2019","Light","Light",72.86,6,12.1433333333333,"Light_Light",2572
"66","L19N011f",0.5,0.493414387031408,10,"yes","","TRES","Ithaca","Unit_4","80","2019","Nestling","","","163","1","6",NA,NA,NA,"",NA,NA,NA,NA,NA,NA,NA,"",NA,"",NA,NA,NA,NA,"","","","","","","Unit_4_80_2019","Light","Light",72.86,6,12.1433333333333,"Light_Light",987
"67","L19N012a",0.75,0.909090909090909,4,"yes","","TRES","Ithaca","Unit_4","87","2019","Nestling","","","164","1","6",NA,NA,NA,"",NA,NA,NA,NA,NA,NA,NA,"",NA,"",NA,NA,NA,NA,"","","","","","","Unit_4_87_2019","Light","Light",71,5,14.2,"Light_Light",33
"68","L19N012b",0.411764705882353,0.865431966598865,17,"yes","","TRES","Ithaca","Unit_4","87","2019","Nestling","","","164","1","6",NA,NA,NA,"",NA,NA,NA,NA,NA,NA,NA,"",NA,"",NA,NA,NA,NA,"","","","","","","Unit_4_87_2019","Light","Light",71,5,14.2,"Light_Light",9341
"69","L19N012c",0.428571428571429,0.21255180580225,14,"yes","","TRES","Ithaca","Unit_4","87","2019","Nestling","","","164","1","6",NA,NA,NA,"",NA,NA,NA,NA,NA,NA,NA,"",NA,"",NA,NA,NA,NA,"","","","","","","Unit_4_87_2019","Light","Light",71,5,14.2,"Light_Light",1689
"70","L19N013a",0.375,0.131433095803642,16,"yes","","TRES","Ithaca","Turkey_Hill","86","2019","Nestling","","","165","1","6",NA,NA,NA,"",NA,NA,NA,NA,NA,NA,NA,"",NA,"",NA,NA,NA,NA,"","","","","","","Turkey_Hill_86_2019","Light","Light_Control",61.21,5,12.242,"Light_Light_Control",2526
"71","L19N014a",0.583333333333333,0.978693181818182,12,"yes","","TRES","Ithaca","Unit_4","71","2019","Nestling","","","165","1","6",NA,NA,NA,"",NA,NA,NA,NA,NA,NA,NA,"",NA,"",NA,NA,NA,NA,"","","","","","","Unit_4_71_2019","Light","Light_Control",70,6,11.6666666666667,"Light_Light_Control",704
"72","L19N014b",0.444444444444444,0.878345498783455,9,"yes","","TRES","Ithaca","Unit_4","71","2019","Nestling","","","165","1","6",NA,NA,NA,"",NA,NA,NA,NA,NA,NA,NA,"",NA,"",NA,NA,NA,NA,"","","","","","","Unit_4_71_2019","Light","Light_Control",70,6,11.6666666666667,"Light_Light_Control",411
"73","L19N014c",0.4375,0.990328327818783,16,"yes","","TRES","Ithaca","Unit_4","71","2019","Nestling","","","165","1","6",NA,NA,NA,"",NA,NA,NA,NA,NA,NA,NA,"",NA,"",NA,NA,NA,NA,"","","","","","","Unit_4_71_2019","Light","Light_Control",70,6,11.6666666666667,"Light_Light_Control",3929
"74","L19N015a",0.727272727272727,0.896876337184424,11,"yes","","TRES","Ithaca","Unit_4","93","2019","Nestling","","","166","1","6",NA,NA,NA,"",NA,NA,NA,NA,NA,NA,NA,"",NA,"",NA,NA,NA,NA,"","","","","","","Unit_4_93_2019","Light","Light",55.3,4,13.825,"Light_Light",2337
"75","L19N015b",0.833333333333333,0.917973462002413,6,"yes","","TRES","Ithaca","Unit_4","93","2019","Nestling","","","166","1","6",NA,NA,NA,"",NA,NA,NA,NA,NA,NA,NA,"",NA,"",NA,NA,NA,NA,"","","","","","","Unit_4_93_2019","Light","Light",55.3,4,13.825,"Light_Light",6632
"76","L19N015c",0.666666666666667,0.963125105236572,15,"yes","","TRES","Ithaca","Unit_4","93","2019","Nestling","","","166","1","6",NA,NA,NA,"",NA,NA,NA,NA,NA,NA,NA,"",NA,"",NA,NA,NA,NA,"","","","","","","Unit_4_93_2019","Light","Light",55.3,4,13.825,"Light_Light",5939
"77","L19N016a",0.333333333333333,0.977745524915336,15,"yes","","TRES","Ithaca","Unit_4","95","2019","Nestling","","","168","1","6",NA,NA,NA,"",NA,NA,NA,NA,NA,NA,NA,"",NA,"",NA,NA,NA,NA,"","","","","","","Unit_4_95_2019","Light","Light",54,5,10.8,"Light_Light",2067
"78","L19N016b",0.5,0.95076892350709,14,"yes","","TRES","Ithaca","Unit_4","95","2019","Nestling","","","168","1","6",NA,NA,NA,"",NA,NA,NA,NA,NA,NA,NA,"",NA,"",NA,NA,NA,NA,"","","","","","","Unit_4_95_2019","Light","Light",54,5,10.8,"Light_Light",10014
"79","L19N017a",0.615384615384615,0.966145833333333,13,"yes","","TRES","Ithaca","Turkey_Hill","97","2019","Nestling","","","168","1","6",NA,NA,NA,"",NA,NA,NA,NA,NA,NA,NA,"",NA,"",NA,NA,NA,NA,"","","","","","","Turkey_Hill_97_2019","Light","Light_Control",45,5,9,"Light_Light_Control",384
"80","L19N017b",0.266666666666667,0.568487510293714,15,"yes","","TRES","Ithaca","Turkey_Hill","97","2019","Nestling","","","168","1","6",NA,NA,NA,"",NA,NA,NA,NA,NA,NA,NA,"",NA,"",NA,NA,NA,NA,"","","","","","","Turkey_Hill_97_2019","Light","Light_Control",45,5,9,"Light_Light_Control",10929
"81","L19N017c",0.416666666666667,0.98377812663527,12,"yes","","TRES","Ithaca","Turkey_Hill","97","2019","Nestling","","","168","1","6",NA,NA,NA,"",NA,NA,NA,NA,NA,NA,NA,"",NA,"",NA,NA,NA,NA,"","","","","","","Turkey_Hill_97_2019","Light","Light_Control",45,5,9,"Light_Light_Control",3822
"82","L19N018b",0.5,0.936066712995135,12,"yes","","TRES","Ithaca","Unit_4","61","2019","Nestling","","","170","1","6",NA,NA,NA,"",NA,NA,NA,NA,NA,NA,NA,"",NA,"",NA,NA,NA,NA,"","","","","","","Unit_4_61_2019","Light","Light_Control",105,6,17.5,"Light_Light_Control",1439
"83","L19N018c",0.294117647058824,0.861313868613139,17,"yes","","TRES","Ithaca","Unit_4","61","2019","Nestling","","","170","1","6",NA,NA,NA,"",NA,NA,NA,NA,NA,NA,NA,"",NA,"",NA,NA,NA,NA,"","","","","","","Unit_4_61_2019","Light","Light_Control",105,6,17.5,"Light_Light_Control",822
"84","L19N018d",0.333333333333333,0.323572003218021,18,"yes","","TRES","Ithaca","Unit_4","61","2019","Nestling","","","170","1","6",NA,NA,NA,"",NA,NA,NA,NA,NA,NA,NA,"",NA,"",NA,NA,NA,NA,"","","","","","","Unit_4_61_2019","Light","Light_Control",105,6,17.5,"Light_Light_Control",6215
"85","L19N018e",0.466666666666667,0.800720720720721,15,"yes","","TRES","Ithaca","Unit_4","61","2019","Nestling","","","170","1","6",NA,NA,NA,"",NA,NA,NA,NA,NA,NA,NA,"",NA,"",NA,NA,NA,NA,"","","","","","","Unit_4_61_2019","Light","Light_Control",105,6,17.5,"Light_Light_Control",2775
"86","L19N018f",0.5,0.758327427356485,14,"yes","","TRES","Ithaca","Unit_4","61","2019","Nestling","","","170","1","6",NA,NA,NA,"",NA,NA,NA,NA,NA,NA,NA,"",NA,"",NA,NA,NA,NA,"","","","","","","Unit_4_61_2019","Light","Light_Control",105,6,17.5,"Light_Light_Control",1411
"87","L19N019a",0.454545454545455,0.850091407678245,11,"yes","","TRES","Ithaca","Unit_4","84","2019","Nestling","","","171","1","6",NA,NA,NA,"",NA,NA,NA,NA,NA,NA,NA,"",NA,"",NA,NA,NA,NA,"","","","","","","Unit_4_84_2019","Light","Light_Control",84.4,5,16.88,"Light_Light_Control",547
"88","L19N019b",0.4,0.768583690987124,10,"yes","","TRES","Ithaca","Unit_4","84","2019","Nestling","","","171","1","6",NA,NA,NA,"",NA,NA,NA,NA,NA,NA,NA,"",NA,"",NA,NA,NA,NA,"","","","","","","Unit_4_84_2019","Light","Light_Control",84.4,5,16.88,"Light_Light_Control",5825
"89","L19N019c",0.571428571428571,0.636363636363636,7,"yes","","TRES","Ithaca","Unit_4","84","2019","Nestling","","","171","1","6",NA,NA,NA,"",NA,NA,NA,NA,NA,NA,NA,"",NA,"",NA,NA,NA,NA,"","","","","","","Unit_4_84_2019","Light","Light_Control",84.4,5,16.88,"Light_Light_Control",22
"90","L19N019d",0.352941176470588,0.449795820321883,17,"yes","","TRES","Ithaca","Unit_4","84","2019","Nestling","","","171","1","6",NA,NA,NA,"",NA,NA,NA,NA,NA,NA,NA,"",NA,"",NA,NA,NA,NA,"","","","","","","Unit_4_84_2019","Light","Light_Control",84.4,5,16.88,"Light_Light_Control",8326
"91","L19N020a",0.333333333333333,0.227188081936685,12,"yes","","TRES","Ithaca","Unit_4","15","2019","Nestling","","","175","1","6",NA,NA,NA,"",NA,NA,NA,NA,NA,NA,NA,"",NA,"",NA,NA,NA,NA,"","","","","","","Unit_4_15_2019","Light","Light_Control",59.66,5,11.932,"Light_Light_Control",537
"92","L19N020b",0.571428571428571,0.5,7,"yes","","TRES","Ithaca","Unit_4","15","2019","Nestling","","","175","1","6",NA,NA,NA,"",NA,NA,NA,NA,NA,NA,NA,"",NA,"",NA,NA,NA,NA,"","","","","","","Unit_4_15_2019","Light","Light_Control",59.66,5,11.932,"Light_Light_Control",100
"93","L19N020c",0.5,0.820265379975875,18,"yes","","TRES","Ithaca","Unit_4","15","2019","Nestling","","","175","1","6",NA,NA,NA,"",NA,NA,NA,NA,NA,NA,NA,"",NA,"",NA,NA,NA,NA,"","","","","","","Unit_4_15_2019","Light","Light_Control",59.66,5,11.932,"Light_Light_Control",2487
"94","L20N009",0.294117647058824,0.0091824644549763,17,"yes","","TRES","Ithaca","Unit_4","3","2020","Nestling","","6/10/20","162","","6",NA,NA,NA,"",NA,NA,NA,NA,NA,NA,NA,"",NA,"",NA,NA,NA,NA,"","","","","","","Unit_4_3_2020","CortMovement","Cort",61.1,5,12.22,"CortMovement_Cort",3376
"95","L20N010",0.5,0.290598290598291,8,"yes","","TRES","Ithaca","Unit_4","3","2020","Nestling","","6/10/20","162","","6",NA,NA,NA,"",NA,NA,NA,NA,NA,NA,NA,"",NA,"",NA,NA,NA,NA,"","","","","","","Unit_4_3_2020","CortMovement","Cort",61.1,5,12.22,"CortMovement_Cort",117
"96","L20N011",0.375,0.0355263157894737,16,"yes","","TRES","Ithaca","Unit_4","3","2020","Nestling","","6/10/20","162","","6",NA,NA,NA,"",NA,NA,NA,NA,NA,NA,NA,"",NA,"",NA,NA,NA,NA,"","","","","","","Unit_4_3_2020","CortMovement","Cort",61.1,5,12.22,"CortMovement_Cort",760
"97","L20N012",0.181818181818182,0.0766871165644172,11,"yes","","TRES","Ithaca","Unit_4","3","2020","Nestling","","6/10/20","162","","6",NA,NA,NA,"",NA,NA,NA,NA,NA,NA,NA,"",NA,"",NA,NA,NA,NA,"","","","","","","Unit_4_3_2020","CortMovement","Cort",61.1,5,12.22,"CortMovement_Cort",326
"98","L20N013",0.375,0.113636363636364,8,"yes","","TRES","Ithaca","Unit_4","3","2020","Nestling","","6/10/20","162","","6",NA,NA,NA,"",NA,NA,NA,NA,NA,NA,NA,"",NA,"",NA,NA,NA,NA,"","","","","","","Unit_4_3_2020","CortMovement","Cort",61.1,5,12.22,"CortMovement_Cort",44
"99","L20N014",0.375,0.943384879725086,16,"yes","","TRES","Ithaca","Unit_4","13","2020","Nestling","","6/10/20","162","","6",NA,NA,NA,"",NA,NA,NA,NA,NA,NA,NA,"",NA,"",NA,NA,NA,NA,"","","","","","","Unit_4_13_2020","CortMovement","Control",58.1,5,11.62,"CortMovement_Control",23280
"100","L20N015",0.35,0.78125,20,"yes","","TRES","Ithaca","Unit_4","13","2020","Nestling","","6/10/20","162","","6",NA,NA,NA,"",NA,NA,NA,NA,NA,NA,NA,"",NA,"",NA,NA,NA,NA,"","","","","","","Unit_4_13_2020","CortMovement","Control",58.1,5,11.62,"CortMovement_Control",2400
"101","L20N016",0.333333333333333,0.65644701041874,27,"yes","","TRES","Ithaca","Unit_4","13","2020","Nestling","","6/10/20","162","","6",NA,NA,NA,"",NA,NA,NA,NA,NA,NA,NA,"",NA,"",NA,NA,NA,NA,"","","","","","","Unit_4_13_2020","CortMovement","Control",58.1,5,11.62,"CortMovement_Control",15069
"102","L20N017",0.277777777777778,0.162201420271143,18,"yes","","TRES","Ithaca","Unit_4","13","2020","Nestling","","6/10/20","162","","6",NA,NA,NA,"",NA,NA,NA,NA,NA,NA,NA,"",NA,"",NA,NA,NA,NA,"","","","","","","Unit_4_13_2020","CortMovement","Control",58.1,5,11.62,"CortMovement_Control",6196
"103","L20N018",0.3,0.894555434990745,20,"yes","","TRES","Ithaca","Unit_4","13","2020","Nestling","","6/10/20","162","","6",NA,NA,NA,"",NA,NA,NA,NA,NA,NA,NA,"",NA,"",NA,NA,NA,NA,"","","","","","","Unit_4_13_2020","CortMovement","Control",58.1,5,11.62,"CortMovement_Control",15667
"104","L20N023",0.4,0.105706211292165,10,"yes","","TRES","Ithaca","Turkey_Hill","48","2020","Nestling","","6/11/20","163","","6",NA,NA,NA,"",NA,NA,NA,NA,NA,NA,NA,"",NA,"",NA,NA,NA,NA,"","","","","","","Turkey_Hill_48_2020","CortMovement","Control",44.5,5,8.9,"CortMovement_Control",16631
"105","L20N024",0.4,0.991638160395287,10,"yes","","TRES","Ithaca","Turkey_Hill","48","2020","Nestling","","6/11/20","163","","6",NA,NA,NA,"",NA,NA,NA,NA,NA,NA,NA,"",NA,"",NA,NA,NA,NA,"","","","","","","Turkey_Hill_48_2020","CortMovement","Control",44.5,5,8.9,"CortMovement_Control",7893
"106","L20N025",0.6,0.7,5,"yes","","TRES","Ithaca","Turkey_Hill","48","2020","Nestling","","6/11/20","163","","6",NA,NA,NA,"",NA,NA,NA,NA,NA,NA,NA,"",NA,"",NA,NA,NA,NA,"","","","","","","Turkey_Hill_48_2020","CortMovement","Control",44.5,5,8.9,"CortMovement_Control",20
"107","L20N026",0.428571428571429,0.979460093896714,7,"yes","","TRES","Ithaca","Turkey_Hill","48","2020","Nestling","","6/11/20","163","","6",NA,NA,NA,"",NA,NA,NA,NA,NA,NA,NA,"",NA,"",NA,NA,NA,NA,"","","","","","","Turkey_Hill_48_2020","CortMovement","Control",44.5,5,8.9,"CortMovement_Control",3408
"108","L20N027",0.363636363636364,0.928301195997071,22,"yes","","TRES","Ithaca","Turkey_Hill","48","2020","Nestling","","6/11/20","163","","6",NA,NA,NA,"",NA,NA,NA,NA,NA,NA,NA,"",NA,"",NA,NA,NA,NA,"","","","","","","Turkey_Hill_48_2020","CortMovement","Control",44.5,5,8.9,"CortMovement_Control",16388
"109","L20N031",0.466666666666667,0.823091247672253,15,"yes","","TRES","Ithaca","Turkey_Hill","50","2020","Nestling","","6/12/20","164","","6",NA,NA,NA,"",NA,NA,NA,NA,NA,NA,NA,"",NA,"",NA,NA,NA,NA,"","","","","","","Turkey_Hill_50_2020","CortMovement","Control",69.8,6,11.6333333333333,"CortMovement_Control",1611
"110","L20N032",0.416666666666667,0.99645390070922,12,"yes","","TRES","Ithaca","Turkey_Hill","50","2020","Nestling","","6/12/20","164","","6",NA,NA,NA,"",NA,NA,NA,NA,NA,NA,NA,"",NA,"",NA,NA,NA,NA,"","","","","","","Turkey_Hill_50_2020","CortMovement","Control",69.8,6,11.6333333333333,"CortMovement_Control",15510
"111","L20N033",0.4,0.855932203389831,15,"yes","","TRES","Ithaca","Turkey_Hill","50","2020","Nestling","","6/12/20","164","","6",NA,NA,NA,"",NA,NA,NA,NA,NA,NA,NA,"",NA,"",NA,NA,NA,NA,"","","","","","","Turkey_Hill_50_2020","CortMovement","Control",69.8,6,11.6333333333333,"CortMovement_Control",354
"112","L20N034",0.6,0.0414746543778802,5,"yes","","TRES","Ithaca","Turkey_Hill","50","2020","Nestling","","6/12/20","164","","6",NA,NA,NA,"",NA,NA,NA,NA,NA,NA,NA,"",NA,"",NA,NA,NA,NA,"","","","","","","Turkey_Hill_50_2020","CortMovement","Control",69.8,6,11.6333333333333,"CortMovement_Control",217
"113","L20N035",0.666666666666667,0.966535433070866,9,"yes","","TRES","Ithaca","Turkey_Hill","50","2020","Nestling","","6/12/20","164","","6",NA,NA,NA,"",NA,NA,NA,NA,NA,NA,NA,"",NA,"",NA,NA,NA,NA,"","","","","","","Turkey_Hill_50_2020","CortMovement","Control",69.8,6,11.6333333333333,"CortMovement_Control",508
"114","L20N036",0.5625,0.0584861662570114,16,"yes","","TRES","Ithaca","Turkey_Hill","50","2020","Nestling","","6/12/20","164","","6",NA,NA,NA,"",NA,NA,NA,NA,NA,NA,NA,"",NA,"",NA,NA,NA,NA,"","","","","","","Turkey_Hill_50_2020","CortMovement","Control",69.8,6,11.6333333333333,"CortMovement_Control",15867
"115","L20N037",0.473684210526316,0.965174797020734,19,"yes","","TRES","Ithaca","Turkey_Hill","31","2020","Nestling","","6/12/20","164","","6",NA,NA,NA,"",NA,NA,NA,NA,NA,NA,NA,"",NA,"",NA,NA,NA,NA,"","","","","","","Turkey_Hill_31_2020","CortMovement","Cort",51,3,17,"CortMovement_Cort",14903
"116","L20N038",0.7,0.995046001415428,10,"yes","","TRES","Ithaca","Turkey_Hill","31","2020","Nestling","","6/12/20","164","","6",NA,NA,NA,"",NA,NA,NA,NA,NA,NA,NA,"",NA,"",NA,NA,NA,NA,"","","","","","","Turkey_Hill_31_2020","CortMovement","Cort",51,3,17,"CortMovement_Cort",11304
"117","L20N039",0.4,0.97021484375,10,"yes","","TRES","Ithaca","Turkey_Hill","31","2020","Nestling","","6/12/20","164","","6",NA,NA,NA,"",NA,NA,NA,NA,NA,NA,NA,"",NA,"",NA,NA,NA,NA,"","","","","","","Turkey_Hill_31_2020","CortMovement","Cort",51,3,17,"CortMovement_Cort",2048
"118","L20N040",0.4,0.516600628501161,25,"yes","","TRES","Ithaca","Unit_4","63","2020","Nestling","","6/12/20","164","","6",NA,NA,NA,"",NA,NA,NA,NA,NA,NA,NA,"",NA,"",NA,NA,NA,NA,"","","","","","","Unit_4_63_2020","CortMovement","Cort",81.3,6,13.55,"CortMovement_Cort",36595
"119","L20N041",0.37037037037037,0.948133198789102,27,"yes","","TRES","Ithaca","Unit_4","63","2020","Nestling","","6/12/20","164","","6",NA,NA,NA,"",NA,NA,NA,NA,NA,NA,NA,"",NA,"",NA,NA,NA,NA,"","","","","","","Unit_4_63_2020","CortMovement","Cort",81.3,6,13.55,"CortMovement_Cort",19820
"120","L20N042",0.470588235294118,0.983243377520833,17,"yes","","TRES","Ithaca","Unit_4","63","2020","Nestling","","6/12/20","164","","6",NA,NA,NA,"",NA,NA,NA,NA,NA,NA,NA,"",NA,"",NA,NA,NA,NA,"","","","","","","Unit_4_63_2020","CortMovement","Cort",81.3,6,13.55,"CortMovement_Cort",44281
"121","L20N043",0.32,0.947355345208815,25,"yes","","TRES","Ithaca","Unit_4","63","2020","Nestling","","6/12/20","164","","6",NA,NA,NA,"",NA,NA,NA,NA,NA,NA,NA,"",NA,"",NA,NA,NA,NA,"","","","","","","Unit_4_63_2020","CortMovement","Cort",81.3,6,13.55,"CortMovement_Cort",40251
"122","L20N044",0.458333333333333,0.985303063483953,24,"yes","","TRES","Ithaca","Unit_4","63","2020","Nestling","","6/12/20","164","","6",NA,NA,NA,"",NA,NA,NA,NA,NA,NA,NA,"",NA,"",NA,NA,NA,NA,"","","","","","","Unit_4_63_2020","CortMovement","Cort",81.3,6,13.55,"CortMovement_Cort",41097
"123","L20N045",0.363636363636364,0.990490570887011,22,"yes","","TRES","Ithaca","Unit_4","63","2020","Nestling","","6/12/20","164","","6",NA,NA,NA,"",NA,NA,NA,NA,NA,NA,NA,"",NA,"",NA,NA,NA,NA,"","","","","","","Unit_4_63_2020","CortMovement","Cort",81.3,6,13.55,"CortMovement_Cort",31127
"124","L20N046",0.4,0.994640368742631,25,"yes","","TRES","Ithaca","Unit_4","97","2020","Nestling","","6/12/20","164","","6",NA,NA,NA,"",NA,NA,NA,NA,NA,NA,NA,"",NA,"",NA,NA,NA,NA,"","","","","","","Unit_4_97_2020","CortMovement","Control",70.2,5,14.04,"CortMovement_Control",55974
"125","L20N047",0.285714285714286,0.592592592592593,7,"yes","","TRES","Ithaca","Unit_4","97","2020","Nestling","","6/12/20","164","","6",NA,NA,NA,"",NA,NA,NA,NA,NA,NA,NA,"",NA,"",NA,NA,NA,NA,"","","","","","","Unit_4_97_2020","CortMovement","Control",70.2,5,14.04,"CortMovement_Control",27
"126","L20N048",0.363636363636364,0.0921052631578947,11,"yes","","TRES","Ithaca","Unit_4","97","2020","Nestling","","6/12/20","164","","6",NA,NA,NA,"",NA,NA,NA,NA,NA,NA,NA,"",NA,"",NA,NA,NA,NA,"","","","","","","Unit_4_97_2020","CortMovement","Control",70.2,5,14.04,"CortMovement_Control",76
"127","L20N049",0.409090909090909,0.995301034201605,22,"yes","","TRES","Ithaca","Unit_4","97","2020","Nestling","","6/12/20","164","","6",NA,NA,NA,"",NA,NA,NA,NA,NA,NA,NA,"",NA,"",NA,NA,NA,NA,"","","","","","","Unit_4_97_2020","CortMovement","Control",70.2,5,14.04,"CortMovement_Control",46606
"128","L20N050",0.25,0.947505411107154,16,"yes","","TRES","Ithaca","Unit_4","97","2020","Nestling","","6/12/20","164","","6",NA,NA,NA,"",NA,NA,NA,NA,NA,NA,NA,"",NA,"",NA,NA,NA,NA,"","","","","","","Unit_4_97_2020","CortMovement","Control",70.2,5,14.04,"CortMovement_Control",36499
"129","L20N053",0.375,0.804769001490313,24,"yes","","TRES","Ithaca","Unit_4","89","2020","Nestling","","6/13/20","165","","6",NA,NA,NA,"",NA,NA,NA,NA,NA,NA,NA,"",NA,"",NA,NA,NA,NA,"","","","","","","Unit_4_89_2020","CortMovement","Cort",59.8,5,11.96,"CortMovement_Cort",10065
"130","L20N054",0.241379310344828,0.00518090887944342,29,"yes","","TRES","Ithaca","Unit_4","89","2020","Nestling","","6/13/20","165","","6",NA,NA,NA,"",NA,NA,NA,NA,NA,NA,NA,"",NA,"",NA,NA,NA,NA,"","","","","","","Unit_4_89_2020","CortMovement","Cort",59.8,5,11.96,"CortMovement_Cort",47289
"131","L20N055",0.380952380952381,0.026520081814801,21,"yes","","TRES","Ithaca","Unit_4","89","2020","Nestling","","6/13/20","165","","6",NA,NA,NA,"",NA,NA,NA,NA,NA,NA,NA,"",NA,"",NA,NA,NA,NA,"","","","","","","Unit_4_89_2020","CortMovement","Cort",59.8,5,11.96,"CortMovement_Cort",43024
"132","L20N056",0.291666666666667,0.10309988196279,24,"yes","","TRES","Ithaca","Unit_4","89","2020","Nestling","","6/13/20","165","","6",NA,NA,NA,"",NA,NA,NA,NA,NA,NA,NA,"",NA,"",NA,NA,NA,NA,"","","","","","","Unit_4_89_2020","CortMovement","Cort",59.8,5,11.96,"CortMovement_Cort",71164
"133","L20N057",0.375,0.0339522269740273,16,"yes","","TRES","Ithaca","Unit_4","89","2020","Nestling","","6/13/20","165","","6",NA,NA,NA,"",NA,NA,NA,NA,NA,NA,NA,"",NA,"",NA,NA,NA,NA,"","","","","","","Unit_4_89_2020","CortMovement","Cort",59.8,5,11.96,"CortMovement_Cort",38348
"134","L20N058",0.333333333333333,0.00968816227671813,12,"yes","","TRES","Ithaca","Unit_4","72","2020","Nestling","","6/13/20","165","","6",NA,NA,NA,"",NA,NA,NA,NA,NA,NA,NA,"",NA,"",NA,NA,NA,NA,"","","","","","","Unit_4_72_2020","CortMovement","Control",68.1,6,11.35,"CortMovement_Control",3303
"135","L20N059",0.294117647058824,0.828184110970996,17,"yes","","TRES","Ithaca","Unit_4","72","2020","Nestling","","6/13/20","165","","6",NA,NA,NA,"",NA,NA,NA,NA,NA,NA,NA,"",NA,"",NA,NA,NA,NA,"","","","","","","Unit_4_72_2020","CortMovement","Control",68.1,6,11.35,"CortMovement_Control",3172
"136","L20N060",0.318181818181818,0.168268639166519,22,"yes","","TRES","Ithaca","Unit_4","72","2020","Nestling","","6/13/20","165","","6",NA,NA,NA,"",NA,NA,NA,NA,NA,NA,NA,"",NA,"",NA,NA,NA,NA,"","","","","","","Unit_4_72_2020","CortMovement","Control",68.1,6,11.35,"CortMovement_Control",73139
"137","L20N061",0.277777777777778,0.00744416873449132,18,"yes","","TRES","Ithaca","Unit_4","72","2020","Nestling","","6/13/20","165","","6",NA,NA,NA,"",NA,NA,NA,NA,NA,NA,NA,"",NA,"",NA,NA,NA,NA,"","","","","","","Unit_4_72_2020","CortMovement","Control",68.1,6,11.35,"CortMovement_Control",2821
"138","L20N062",0.3125,0.191709844559585,16,"yes","","TRES","Ithaca","Unit_4","72","2020","Nestling","","6/13/20","165","","6",NA,NA,NA,"",NA,NA,NA,NA,NA,NA,NA,"",NA,"",NA,NA,NA,NA,"","","","","","","Unit_4_72_2020","CortMovement","Control",68.1,6,11.35,"CortMovement_Control",193
"139","L20N063",0.5,0.0050144030726555,8,"yes","","TRES","Ithaca","Turkey_Hill","69","2020","Nestling","","6/13/20","165","","6",NA,NA,NA,"",NA,NA,NA,NA,NA,NA,NA,"",NA,"",NA,NA,NA,NA,"","","","","","","Turkey_Hill_69_2020","CortMovement","Control",58.1,5,11.62,"CortMovement_Control",28119
"140","L20N064",0.714285714285714,0.0346798960548075,7,"yes","","TRES","Ithaca","Turkey_Hill","69","2020","Nestling","","6/13/20","165","","6",NA,NA,NA,"",NA,NA,NA,NA,NA,NA,NA,"",NA,"",NA,NA,NA,NA,"","","","","","","Turkey_Hill_69_2020","CortMovement","Control",58.1,5,11.62,"CortMovement_Control",42330
"141","L20N065",0.363636363636364,0.519457451961892,11,"yes","","TRES","Ithaca","Turkey_Hill","69","2020","Nestling","","6/13/20","165","","6",NA,NA,NA,"",NA,NA,NA,NA,NA,NA,NA,"",NA,"",NA,NA,NA,NA,"","","","","","","Turkey_Hill_69_2020","CortMovement","Control",58.1,5,11.62,"CortMovement_Control",6193
"142","L20N066",0.444444444444444,0.17548787699586,9,"yes","","TRES","Ithaca","Turkey_Hill","69","2020","Nestling","","6/13/20","165","","6",NA,NA,NA,"",NA,NA,NA,NA,NA,NA,NA,"",NA,"",NA,NA,NA,NA,"","","","","","","Turkey_Hill_69_2020","CortMovement","Control",58.1,5,11.62,"CortMovement_Control",13528
"143","L20N067",0.571428571428571,0.0486104808407907,7,"yes","","TRES","Ithaca","Turkey_Hill","69","2020","Nestling","","6/13/20","165","","6",NA,NA,NA,"",NA,NA,NA,NA,NA,NA,NA,"",NA,"",NA,NA,NA,NA,"","","","","","","Turkey_Hill_69_2020","CortMovement","Control",58.1,5,11.62,"CortMovement_Control",55091
"144","L20N074",0.285714285714286,0.0503789269856108,28,"yes","","TRES","Ithaca","Unit_4","6","2020","Nestling","","6/14/20","166","","6",NA,NA,NA,"",NA,NA,NA,NA,NA,NA,NA,"",NA,"",NA,NA,NA,NA,"","","","","","","Unit_4_6_2020","CortMovement","Control",24.7,2,12.35,"CortMovement_Control",59906
"145","L20N075",0.357142857142857,0.686762778505898,14,"yes","","TRES","Ithaca","Unit_4","6","2020","Nestling","","6/14/20","166","","6",NA,NA,NA,"",NA,NA,NA,NA,NA,NA,NA,"",NA,"",NA,NA,NA,NA,"","","","","","","Unit_4_6_2020","CortMovement","Control",24.7,2,12.35,"CortMovement_Control",1526
"146","L20N077",0.413793103448276,0.676522506619594,29,"yes","","TRES","Ithaca","Unit_4","65","2020","Nestling","","6/15/20","167","","6",NA,NA,NA,"",NA,NA,NA,NA,NA,NA,NA,"",NA,"",NA,NA,NA,NA,"","","","","","","Unit_4_65_2020","CortMovement","Cort",57.6,4,14.4,"CortMovement_Cort",2266
"147","L20N078",0.238095238095238,0.996872400598902,21,"yes","","TRES","Ithaca","Unit_4","65","2020","Nestling","","6/15/20","167","","6",NA,NA,NA,"",NA,NA,NA,NA,NA,NA,NA,"",NA,"",NA,NA,NA,NA,"","","","","","","Unit_4_65_2020","CortMovement","Cort",57.6,4,14.4,"CortMovement_Cort",30055
"148","L20N079",0.434782608695652,0.993830787309048,23,"yes","","TRES","Ithaca","Unit_4","65","2020","Nestling","","6/15/20","167","","6",NA,NA,NA,"",NA,NA,NA,NA,NA,NA,NA,"",NA,"",NA,NA,NA,NA,"","","","","","","Unit_4_65_2020","CortMovement","Cort",57.6,4,14.4,"CortMovement_Cort",13616
"149","L20N080",0.470588235294118,0.891170431211499,17,"yes","","TRES","Ithaca","Unit_4","65","2020","Nestling","","6/15/20","167","","6",NA,NA,NA,"",NA,NA,NA,NA,NA,NA,NA,"",NA,"",NA,NA,NA,NA,"","","","","","","Unit_4_65_2020","CortMovement","Cort",57.6,4,14.4,"CortMovement_Cort",487
"150","L20N089",0.666666666666667,0.88663967611336,9,"yes","","TRES","Ithaca","Turkey_Hill","9","2020","Nestling","","6/16/20","168","","6",NA,NA,NA,"",NA,NA,NA,NA,NA,NA,NA,"",NA,"",NA,NA,NA,NA,"","","","","","","Turkey_Hill_9_2020","CortMovement","Control",68.5,5,13.7,"CortMovement_Control",247
"151","L20N090",0.333333333333333,0.20223752151463,6,"yes","","TRES","Ithaca","Turkey_Hill","9","2020","Nestling","","6/16/20","168","","6",NA,NA,NA,"",NA,NA,NA,NA,NA,NA,NA,"",NA,"",NA,NA,NA,NA,"","","","","","","Turkey_Hill_9_2020","CortMovement","Control",68.5,5,13.7,"CortMovement_Control",1162
"152","L20N091",0.583333333333333,0.00190356984536755,12,"yes","","TRES","Ithaca","Turkey_Hill","9","2020","Nestling","","6/16/20","168","","6",NA,NA,NA,"",NA,NA,NA,NA,NA,NA,NA,"",NA,"",NA,NA,NA,NA,"","","","","","","Turkey_Hill_9_2020","CortMovement","Control",68.5,5,13.7,"CortMovement_Control",38349
"153","L20N092",0.266666666666667,0.154116612950483,15,"yes","","TRES","Ithaca","Turkey_Hill","9","2020","Nestling","","6/16/20","168","","6",NA,NA,NA,"",NA,NA,NA,NA,NA,NA,NA,"",NA,"",NA,NA,NA,NA,"","","","","","","Turkey_Hill_9_2020","CortMovement","Control",68.5,5,13.7,"CortMovement_Control",3413
"154","L20N093",0.5,0.000771429867949358,8,"yes","","TRES","Ithaca","Turkey_Hill","9","2020","Nestling","","6/16/20","168","","6",NA,NA,NA,"",NA,NA,NA,NA,NA,NA,NA,"",NA,"",NA,NA,NA,NA,"","","","","","","Turkey_Hill_9_2020","CortMovement","Control",68.5,5,13.7,"CortMovement_Control",22037
"155","L20N094",0.346153846153846,0.820340501792115,26,"yes","","TRES","Ithaca","Unit_4","16","2020","Nestling","","6/16/20","168","","6",NA,NA,NA,"",NA,NA,NA,NA,NA,NA,NA,"",NA,"",NA,NA,NA,NA,"","","","","","","Unit_4_16_2020","CortMovement","Cort",74.8,6,12.4666666666667,"CortMovement_Cort",2232
"156","L20N095",0.307692307692308,0.711898499149002,26,"yes","","TRES","Ithaca","Unit_4","16","2020","Nestling","","6/16/20","168","","6",NA,NA,NA,"",NA,NA,NA,NA,NA,NA,NA,"",NA,"",NA,NA,NA,NA,"","","","","","","Unit_4_16_2020","CortMovement","Cort",74.8,6,12.4666666666667,"CortMovement_Cort",6463
"157","L20N096",0.352941176470588,0.458367016976556,17,"yes","","TRES","Ithaca","Unit_4","16","2020","Nestling","","6/16/20","168","","6",NA,NA,NA,"",NA,NA,NA,NA,NA,NA,NA,"",NA,"",NA,NA,NA,NA,"","","","","","","Unit_4_16_2020","CortMovement","Cort",74.8,6,12.4666666666667,"CortMovement_Cort",2474
"158","L20N097",0.258064516129032,0.924728301324996,31,"yes","","TRES","Ithaca","Unit_4","16","2020","Nestling","","6/16/20","168","","6",NA,NA,NA,"",NA,NA,NA,NA,NA,NA,NA,"",NA,"",NA,NA,NA,NA,"","","","","","","Unit_4_16_2020","CortMovement","Cort",74.8,6,12.4666666666667,"CortMovement_Cort",33585
"159","L20N098",0.333333333333333,0.611570247933884,18,"yes","","TRES","Ithaca","Unit_4","16","2020","Nestling","","6/16/20","168","","6",NA,NA,NA,"",NA,NA,NA,NA,NA,NA,NA,"",NA,"",NA,NA,NA,NA,"","","","","","","Unit_4_16_2020","CortMovement","Cort",74.8,6,12.4666666666667,"CortMovement_Cort",242
"160","L20N099",0.272727272727273,0.303370786516854,11,"yes","","TRES","Ithaca","Unit_4","16","2020","Nestling","","6/16/20","168","","6",NA,NA,NA,"",NA,NA,NA,NA,NA,NA,NA,"",NA,"",NA,NA,NA,NA,"","","","","","","Unit_4_16_2020","CortMovement","Cort",74.8,6,12.4666666666667,"CortMovement_Cort",89
"161","L20N114",0.4,0.828648440508279,30,"yes","","TRES","Ithaca","Unit_4","91","2020","Nestling","","6/17/20","169","","6",NA,NA,NA,"",NA,NA,NA,NA,NA,NA,NA,"",NA,"",NA,NA,NA,NA,"","","","","","","Unit_4_91_2020","CortMovement","Control",69.2,5,13.84,"CortMovement_Control",12985
"162","L20N115",0.391304347826087,0.985819263191526,23,"yes","","TRES","Ithaca","Unit_4","91","2020","Nestling","","6/17/20","169","","6",NA,NA,NA,"",NA,NA,NA,NA,NA,NA,NA,"",NA,"",NA,NA,NA,NA,"","","","","","","Unit_4_91_2020","CortMovement","Control",69.2,5,13.84,"CortMovement_Control",40689
"163","L20N116",0.523809523809524,0.925050100200401,21,"yes","","TRES","Ithaca","Unit_4","91","2020","Nestling","","6/17/20","169","","6",NA,NA,NA,"",NA,NA,NA,NA,NA,NA,NA,"",NA,"",NA,NA,NA,NA,"","","","","","","Unit_4_91_2020","CortMovement","Control",69.2,5,13.84,"CortMovement_Control",2495
"164","L20N117",0.363636363636364,0.81182666985875,22,"yes","","TRES","Ithaca","Unit_4","91","2020","Nestling","","6/17/20","169","","6",NA,NA,NA,"",NA,NA,NA,NA,NA,NA,NA,"",NA,"",NA,NA,NA,NA,"","","","","","","Unit_4_91_2020","CortMovement","Control",69.2,5,13.84,"CortMovement_Control",4177
"165","L20N118",0.416666666666667,0.875806451612903,12,"yes","","TRES","Ithaca","Turkey_Hill","137","2020","Nestling","","6/17/20","169","","6",NA,NA,NA,"",NA,NA,NA,NA,NA,NA,NA,"",NA,"",NA,NA,NA,NA,"","","","","","","Turkey_Hill_137_2020","CortMovement","Cort",42.4,3,14.1333333333333,"CortMovement_Cort",1860
"166","L20N119",0.272727272727273,0.980842185128983,11,"yes","","TRES","Ithaca","Turkey_Hill","137","2020","Nestling","","6/17/20","169","","6",NA,NA,NA,"",NA,NA,NA,NA,NA,NA,NA,"",NA,"",NA,NA,NA,NA,"","","","","","","Turkey_Hill_137_2020","CortMovement","Cort",42.4,3,14.1333333333333,"CortMovement_Cort",5272
"167","L20N120",0.571428571428571,0.98550178874035,7,"yes","","TRES","Ithaca","Turkey_Hill","137","2020","Nestling","","6/17/20","169","","6",NA,NA,NA,"",NA,NA,NA,NA,NA,NA,NA,"",NA,"",NA,NA,NA,NA,"","","","","","","Turkey_Hill_137_2020","CortMovement","Cort",42.4,3,14.1333333333333,"CortMovement_Cort",5311
"168","L20N121",0.714285714285714,0.0184642206197005,7,"yes","","TRES","Ithaca","Turkey_Hill","48","2020","Nestling","","6/17/20","169","","6",NA,NA,NA,"",NA,NA,NA,NA,NA,NA,NA,"",NA,"",NA,NA,NA,NA,"","","","","","","Turkey_Hill_48_2020","CortMovement","Control",44.5,5,8.9,"CortMovement_Control",25238
"169","L20N122",0.2,0.00778035460462333,5,"yes","","TRES","Ithaca","Turkey_Hill","48","2020","Nestling","","6/17/20","169","","6",NA,NA,NA,"",NA,NA,NA,NA,NA,NA,NA,"",NA,"",NA,NA,NA,NA,"","","","","","","Turkey_Hill_48_2020","CortMovement","Control",44.5,5,8.9,"CortMovement_Control",26734
"170","L20N123",0.363636363636364,0.443158329888384,11,"yes","","TRES","Ithaca","Turkey_Hill","48","2020","Nestling","","6/17/20","169","","6",NA,NA,NA,"",NA,NA,NA,NA,NA,NA,NA,"",NA,"",NA,NA,NA,NA,"","","","","","","Turkey_Hill_48_2020","CortMovement","Control",44.5,5,8.9,"CortMovement_Control",2419
"171","L20N124",0.444444444444444,0.0718385434741984,9,"yes","","TRES","Ithaca","Turkey_Hill","48","2020","Nestling","","6/17/20","169","","6",NA,NA,NA,"",NA,NA,NA,NA,NA,NA,NA,"",NA,"",NA,NA,NA,NA,"","","","","","","Turkey_Hill_48_2020","CortMovement","Control",44.5,5,8.9,"CortMovement_Control",37459
"172","L20N125",0.555555555555556,0.00241130903939476,9,"yes","","TRES","Ithaca","Turkey_Hill","48","2020","Nestling","","6/17/20","169","","6",NA,NA,NA,"",NA,NA,NA,NA,NA,NA,NA,"",NA,"",NA,NA,NA,NA,"","","","","","","Turkey_Hill_48_2020","CortMovement","Control",44.5,5,8.9,"CortMovement_Control",33177
"173","L20N129",0.269230769230769,0.84991747229427,26,"yes","","TRES","Ithaca","Unit_4","105","2020","Nestling","","6/18/20","170","","6",NA,NA,NA,"",NA,NA,NA,NA,NA,NA,NA,"",NA,"",NA,NA,NA,NA,"","","","","","","Unit_4_105_2020","CortMovement","Cort",62.7,5,12.54,"CortMovement_Cort",33928
"174","L20N130",0.285714285714286,0.873347660965054,21,"yes","","TRES","Ithaca","Unit_4","105","2020","Nestling","","6/18/20","170","","6",NA,NA,NA,"",NA,NA,NA,NA,NA,NA,NA,"",NA,"",NA,NA,NA,NA,"","","","","","","Unit_4_105_2020","CortMovement","Cort",62.7,5,12.54,"CortMovement_Cort",33967
"175","L20N131",0.357142857142857,0.575,14,"yes","","TRES","Ithaca","Unit_4","105","2020","Nestling","","6/18/20","170","","6",NA,NA,NA,"",NA,NA,NA,NA,NA,NA,NA,"",NA,"",NA,NA,NA,NA,"","","","","","","Unit_4_105_2020","CortMovement","Cort",62.7,5,12.54,"CortMovement_Cort",160
"176","L20N132",0.318181818181818,0.336161187698834,22,"yes","","TRES","Ithaca","Unit_4","105","2020","Nestling","","6/18/20","170","","6",NA,NA,NA,"",NA,NA,NA,NA,NA,NA,NA,"",NA,"",NA,NA,NA,NA,"","","","","","","Unit_4_105_2020","CortMovement","Cort",62.7,5,12.54,"CortMovement_Cort",943
"177","L20N133",0.409090909090909,0.105225988700565,22,"yes","","TRES","Ithaca","Unit_4","105","2020","Nestling","","6/18/20","170","","6",NA,NA,NA,"",NA,NA,NA,NA,NA,NA,NA,"",NA,"",NA,NA,NA,NA,"","","","","","","Unit_4_105_2020","CortMovement","Cort",62.7,5,12.54,"CortMovement_Cort",4248
"178","L20N134",0.277777777777778,0.760671722643554,18,"yes","","TRES","Ithaca","Turkey_Hill","56","2020","Nestling","","6/18/20","170","","6",NA,NA,NA,"",NA,NA,NA,NA,NA,NA,NA,"",NA,"",NA,NA,NA,NA,"","","","","","","Turkey_Hill_56_2020","CortMovement","Cort",75.2,5,15.04,"CortMovement_Cort",9230
"179","L20N135",0.5,0.214483503074107,6,"yes","","TRES","Ithaca","Turkey_Hill","56","2020","Nestling","","6/18/20","170","","6",NA,NA,NA,"",NA,NA,NA,NA,NA,NA,NA,"",NA,"",NA,NA,NA,NA,"","","","","","","Turkey_Hill_56_2020","CortMovement","Cort",75.2,5,15.04,"CortMovement_Cort",21307
"180","L20N136",0.416666666666667,0.973859735164296,12,"yes","","TRES","Ithaca","Turkey_Hill","56","2020","Nestling","","6/18/20","170","","6",NA,NA,NA,"",NA,NA,NA,NA,NA,NA,NA,"",NA,"",NA,NA,NA,NA,"","","","","","","Turkey_Hill_56_2020","CortMovement","Cort",75.2,5,15.04,"CortMovement_Cort",20390
"181","L20N137",0.461538461538462,0.981267561660943,13,"yes","","TRES","Ithaca","Turkey_Hill","56","2020","Nestling","","6/18/20","170","","6",NA,NA,NA,"",NA,NA,NA,NA,NA,NA,NA,"",NA,"",NA,NA,NA,NA,"","","","","","","Turkey_Hill_56_2020","CortMovement","Cort",75.2,5,15.04,"CortMovement_Cort",6406
"182","L20N138",0.333333333333333,0.0304326295412596,9,"yes","","TRES","Ithaca","Turkey_Hill","56","2020","Nestling","","6/18/20","170","","6",NA,NA,NA,"",NA,NA,NA,NA,NA,NA,NA,"",NA,"",NA,NA,NA,NA,"","","","","","","Turkey_Hill_56_2020","CortMovement","Cort",75.2,5,15.04,"CortMovement_Cort",22213
"183","L20N148",0.2,0.264044943820225,10,"yes","","TRES","Ithaca","Turkey_Hill","101","2020","Nestling","","6/18/20","170","","7",NA,NA,NA,"",NA,NA,NA,NA,NA,NA,NA,"",NA,"",NA,NA,NA,NA,"","","","","","","Turkey_Hill_101_2020","CortMovement","Cort",69.7,5,13.94,"CortMovement_Cort",1068
"184","L20N149",0.5,0.997333743526637,10,"yes","","TRES","Ithaca","Turkey_Hill","101","2020","Nestling","","6/18/20","170","","7",NA,NA,NA,"",NA,NA,NA,NA,NA,NA,NA,"",NA,"",NA,NA,NA,NA,"","","","","","","Turkey_Hill_101_2020","CortMovement","Cort",69.7,5,13.94,"CortMovement_Cort",19503
"185","L20N150",0.25,0.000348872705071737,8,"yes","","TRES","Ithaca","Turkey_Hill","101","2020","Nestling","","6/18/20","170","","7",NA,NA,NA,"",NA,NA,NA,NA,NA,NA,NA,"",NA,"",NA,NA,NA,NA,"","","","","","","Turkey_Hill_101_2020","CortMovement","Cort",69.7,5,13.94,"CortMovement_Cort",45862
"186","L20N151",0.444444444444444,0.000348276033633514,9,"yes","","TRES","Ithaca","Turkey_Hill","101","2020","Nestling","","6/18/20","170","","7",NA,NA,NA,"",NA,NA,NA,NA,NA,NA,NA,"",NA,"",NA,NA,NA,NA,"","","","","","","Turkey_Hill_101_2020","CortMovement","Cort",69.7,5,13.94,"CortMovement_Cort",40198
"187","L20N152",0.571428571428571,0.000641894301405035,7,"yes","","TRES","Ithaca","Turkey_Hill","101","2020","Nestling","","6/18/20","170","","7",NA,NA,NA,"",NA,NA,NA,NA,NA,NA,NA,"",NA,"",NA,NA,NA,NA,"","","","","","","Turkey_Hill_101_2020","CortMovement","Cort",69.7,5,13.94,"CortMovement_Cort",28042
"188","L20N166",0.352941176470588,0.871940404398723,17,"yes","","TRES","Ithaca","Turkey_Hill","32","2020","Nestling","","6/19/20","171","","6",NA,NA,NA,"",NA,NA,NA,NA,NA,NA,NA,"",NA,"",NA,NA,NA,NA,"","","","","","","Turkey_Hill_32_2020","CortMovement","Control",56.2,5,11.24,"CortMovement_Control",5638
"189","L20N167",0.428571428571429,0.188896899783706,14,"yes","","TRES","Ithaca","Turkey_Hill","32","2020","Nestling","","6/19/20","171","","6",NA,NA,NA,"",NA,NA,NA,NA,NA,NA,NA,"",NA,"",NA,NA,NA,NA,"","","","","","","Turkey_Hill_32_2020","CortMovement","Control",56.2,5,11.24,"CortMovement_Control",15257
"190","L20N168",0.45,0.900574371162607,20,"yes","","TRES","Ithaca","Turkey_Hill","32","2020","Nestling","","6/19/20","171","","6",NA,NA,NA,"",NA,NA,NA,NA,NA,NA,NA,"",NA,"",NA,NA,NA,NA,"","","","","","","Turkey_Hill_32_2020","CortMovement","Control",56.2,5,11.24,"CortMovement_Control",5049
"191","L20N169",0.368421052631579,0.173460501762389,19,"yes","","TRES","Ithaca","Turkey_Hill","32","2020","Nestling","","6/19/20","171","","6",NA,NA,NA,"",NA,NA,NA,NA,NA,NA,NA,"",NA,"",NA,NA,NA,NA,"","","","","","","Turkey_Hill_32_2020","CortMovement","Control",56.2,5,11.24,"CortMovement_Control",24115
"192","L20N170",0.318181818181818,0.982110273700912,22,"yes","","TRES","Ithaca","Turkey_Hill","32","2020","Nestling","","6/19/20","171","","6",NA,NA,NA,"",NA,NA,NA,NA,NA,NA,NA,"",NA,"",NA,NA,NA,NA,"","","","","","","Turkey_Hill_32_2020","CortMovement","Control",56.2,5,11.24,"CortMovement_Control",25210
"193","L20N171",0.28,0.397938144329897,25,"yes","","TRES","Ithaca","Unit_4","101","2020","Nestling","","6/19/20","171","","6",NA,NA,NA,"",NA,NA,NA,NA,NA,NA,NA,"",NA,"",NA,NA,NA,NA,"","","","","","","Unit_4_101_2020","CortMovement","Cort",73.6,6,12.2666666666667,"CortMovement_Cort",970
"194","L20N172",0.269230769230769,0.23724971666037,26,"yes","","TRES","Ithaca","Unit_4","101","2020","Nestling","","6/19/20","171","","6",NA,NA,NA,"",NA,NA,NA,NA,NA,NA,NA,"",NA,"",NA,NA,NA,NA,"","","","","","","Unit_4_101_2020","CortMovement","Cort",73.6,6,12.2666666666667,"CortMovement_Cort",5294
"195","L20N173",0.36,0.110659852149311,25,"yes","","TRES","Ithaca","Unit_4","101","2020","Nestling","","6/19/20","171","","6",NA,NA,NA,"",NA,NA,NA,NA,NA,NA,NA,"",NA,"",NA,NA,NA,NA,"","","","","","","Unit_4_101_2020","CortMovement","Cort",73.6,6,12.2666666666667,"CortMovement_Cort",21914
"196","L20N174",0.411764705882353,0.999019088537069,17,"yes","","TRES","Ithaca","Unit_4","101","2020","Nestling","","6/19/20","171","","6",NA,NA,NA,"",NA,NA,NA,NA,NA,NA,NA,"",NA,"",NA,NA,NA,NA,"","","","","","","Unit_4_101_2020","CortMovement","Cort",73.6,6,12.2666666666667,"CortMovement_Cort",50973
"197","L20N175",0.363636363636364,0.41890864873081,22,"yes","","TRES","Ithaca","Unit_4","101","2020","Nestling","","6/19/20","171","","6",NA,NA,NA,"",NA,NA,NA,NA,NA,NA,NA,"",NA,"",NA,NA,NA,NA,"","","","","","","Unit_4_101_2020","CortMovement","Cort",73.6,6,12.2666666666667,"CortMovement_Cort",6579
"198","L20N176",0.347826086956522,0.130162703379224,23,"yes","","TRES","Ithaca","Unit_4","101","2020","Nestling","","6/19/20","171","","6",NA,NA,NA,"",NA,NA,NA,NA,NA,NA,NA,"",NA,"",NA,NA,NA,NA,"","","","","","","Unit_4_101_2020","CortMovement","Cort",73.6,6,12.2666666666667,"CortMovement_Cort",9588
"199","L20N201",0.28,0.00729119525318047,25,"yes","","TRES","Ithaca","Unit_4","78","2020","Nestling","","6/20/20","172","","6",NA,NA,NA,"",NA,NA,NA,NA,NA,NA,NA,"",NA,"",NA,NA,NA,NA,"","","","","","","Unit_4_78_2020","CortMovement","Cort",83.5,6,13.9166666666667,"CortMovement_Cort",19887
"200","L20N202",0.181818181818182,0.00870625108828139,22,"yes","","TRES","Ithaca","Unit_4","78","2020","Nestling","","6/20/20","172","","6",NA,NA,NA,"",NA,NA,NA,NA,NA,NA,NA,"",NA,"",NA,NA,NA,NA,"","","","","","","Unit_4_78_2020","CortMovement","Cort",83.5,6,13.9166666666667,"CortMovement_Cort",5743
"201","L20N203",0.153846153846154,0.000294782352363172,26,"yes","","TRES","Ithaca","Unit_4","78","2020","Nestling","","6/20/20","172","","6",NA,NA,NA,"",NA,NA,NA,NA,NA,NA,NA,"",NA,"",NA,NA,NA,NA,"","","","","","","Unit_4_78_2020","CortMovement","Cort",83.5,6,13.9166666666667,"CortMovement_Cort",50885
"202","L20N204",0.16,0.130232558139535,25,"yes","","TRES","Ithaca","Unit_4","78","2020","Nestling","","6/20/20","172","","6",NA,NA,NA,"",NA,NA,NA,NA,NA,NA,NA,"",NA,"",NA,NA,NA,NA,"","","","","","","Unit_4_78_2020","CortMovement","Cort",83.5,6,13.9166666666667,"CortMovement_Cort",215
"203","L20N205",0.238095238095238,0.712889330682571,21,"yes","","TRES","Ithaca","Unit_4","78","2020","Nestling","","6/20/20","172","","6",NA,NA,NA,"",NA,NA,NA,NA,NA,NA,NA,"",NA,"",NA,NA,NA,NA,"","","","","","","Unit_4_78_2020","CortMovement","Cort",83.5,6,13.9166666666667,"CortMovement_Cort",6036
"204","L20N206",0.263157894736842,0.852858339042399,19,"yes","","TRES","Ithaca","Unit_4","78","2020","Nestling","","6/20/20","172","","6",NA,NA,NA,"",NA,NA,NA,NA,NA,NA,NA,"",NA,"",NA,NA,NA,NA,"","","","","","","Unit_4_78_2020","CortMovement","Cort",83.5,6,13.9166666666667,"CortMovement_Cort",13137
"205","L20N222",0.391304347826087,0.742979025950942,23,"yes","","TRES","Ithaca","Turkey_Hill","123","2020","Nestling","","6/22/20","174","","6",NA,NA,NA,"",NA,NA,NA,NA,NA,NA,NA,"",NA,"",NA,NA,NA,NA,"","","","","","","Turkey_Hill_123_2020","CortMovement","Control",58.6,4,14.65,"CortMovement_Control",2813
"206","L20N223",0.388888888888889,0.939582407818747,18,"yes","","TRES","Ithaca","Turkey_Hill","123","2020","Nestling","","6/22/20","174","","6",NA,NA,NA,"",NA,NA,NA,NA,NA,NA,NA,"",NA,"",NA,NA,NA,NA,"","","","","","","Turkey_Hill_123_2020","CortMovement","Control",58.6,4,14.65,"CortMovement_Control",4502
"207","L20N224",0.380952380952381,0.847577341432406,21,"yes","","TRES","Ithaca","Turkey_Hill","123","2020","Nestling","","6/22/20","174","","6",NA,NA,NA,"",NA,NA,NA,NA,NA,NA,NA,"",NA,"",NA,NA,NA,NA,"","","","","","","Turkey_Hill_123_2020","CortMovement","Control",58.6,4,14.65,"CortMovement_Control",7079
"208","L20N225",0.32,0.0812118268925456,25,"yes","","TRES","Ithaca","Turkey_Hill","123","2020","Nestling","","6/22/20","174","","6",NA,NA,NA,"",NA,NA,NA,NA,NA,NA,NA,"",NA,"",NA,NA,NA,NA,"","","","","","","Turkey_Hill_123_2020","CortMovement","Control",58.6,4,14.65,"CortMovement_Control",53539
"209","L20N229",0.5,0.816840498600865,16,"yes","","TRES","Ithaca","Turkey_Hill","13","2020","Nestling","","6/22/20","174","","7",NA,NA,NA,"",NA,NA,NA,NA,NA,NA,NA,"",NA,"",NA,NA,NA,NA,"","","","","","","Turkey_Hill_13_2020","CortMovement","Cort",49.8,5,9.96,"CortMovement_Cort",7862
"210","L20N230",0.266666666666667,0.992327505891379,15,"yes","","TRES","Ithaca","Turkey_Hill","13","2020","Nestling","","6/22/20","174","","7",NA,NA,NA,"",NA,NA,NA,NA,NA,NA,NA,"",NA,"",NA,NA,NA,NA,"","","","","","","Turkey_Hill_13_2020","CortMovement","Cort",49.8,5,9.96,"CortMovement_Cort",18247
"211","L20N231",0.333333333333333,0.235862068965517,12,"yes","","TRES","Ithaca","Turkey_Hill","13","2020","Nestling","","6/22/20","174","","7",NA,NA,NA,"",NA,NA,NA,NA,NA,NA,NA,"",NA,"",NA,NA,NA,NA,"","","","","","","Turkey_Hill_13_2020","CortMovement","Cort",49.8,5,9.96,"CortMovement_Cort",725
"212","L20N232",0.277777777777778,0.539050047816385,18,"yes","","TRES","Ithaca","Turkey_Hill","13","2020","Nestling","","6/22/20","174","","7",NA,NA,NA,"",NA,NA,NA,NA,NA,NA,NA,"",NA,"",NA,NA,NA,NA,"","","","","","","Turkey_Hill_13_2020","CortMovement","Cort",49.8,5,9.96,"CortMovement_Cort",3137
"213","L20N233",0.263157894736842,0.0579896907216495,19,"yes","","TRES","Ithaca","Turkey_Hill","13","2020","Nestling","","6/22/20","174","","7",NA,NA,NA,"",NA,NA,NA,NA,NA,NA,NA,"",NA,"",NA,NA,NA,NA,"","","","","","","Turkey_Hill_13_2020","CortMovement","Cort",49.8,5,9.96,"CortMovement_Cort",776
"214","LN19007c",0.6,0.550724637681159,5,"yes","","TRES","Ithaca","Turkey_Hill","106","2019","Nestling","","","162","1","6",NA,NA,NA,"",NA,NA,NA,NA,NA,NA,NA,"",NA,"",NA,NA,NA,NA,"","","","","","","Turkey_Hill_106_2019","Light","Light",48.91,5,9.782,"Light_Light",69
"215","LN19018a",0.333333333333333,0.848484848484848,6,"yes","","TRES","Ithaca","Unit_4","61","2019","Nestling","","","170","1","6",NA,NA,NA,"",NA,NA,NA,NA,NA,NA,NA,"",NA,"",NA,NA,NA,NA,"","","","","","","Unit_4_61_2019","Light","Light_Control",105,6,17.5,"Light_Light_Control",33
"216","P19N021",0.7,0.999757062539044,10,"yes","272106697","TRES","Ithaca","Turkey_Hill","11","2019","Adult","F","5/25/19","145","1","ASY",21,27.9,117,"B_S_D",0.99,1.05,NA,NA,28.13,29.75,NA,"Dex",9.5,"",NA,11.47,12.13,NA,"","M19N024","190028","","61337F2D","Egg Photo
Eye Button: D8B21
On female took old RFID to put life tag","Turkey_Hill_11_2019","Light","Light_Control",74.27,5,14.854,"Light_Light_Control",28814
"217","P19N023",0.416666666666667,0.176470588235294,12,"yes","263114113","TRES","Ithaca","Unit_4","94","2019","Adult","F","5/26/19","146","1","ASY",24,28.1,118,"B_S_D",0,0.47,NA,NA,25.51,26.97,NA,"Dex",11,"",NA,8.38,8.86,NA,"","M19N026","190030","","61341E4C","Old PIT tag removed to put on life tag. Microbiome swab not inserted fully.","Unit_4_94_2019","Light","Light_Control",64.85,5,12.97,"Light_Light_Control",204
"218","P19N024",0.5,0.568201771889217,12,"yes","240134898","TRES","Ithaca","Unit_4","97","2019","Adult","F","5/26/19","146","1","ASY",24.5,27.5,113,"B_S_D",2.41,2.55,NA,NA,42.66,45.11,NA,"Dex",11.5,"",NA,15.44,16.32,NA,"","M19N027","190031","","61336119","Old PIT tag removed to put on life tag with glued new PIT tag.","Unit_4_97_2019","Light","Light",67.27,5,13.454,"Light_Light",12529
"219","P19N026",0.545454545454545,0.987709212426723,11,"yes","272106655","TRES","Ithaca","Turkey_Hill","3","2019","Adult","F","5/27/19","147","1","ASY",22,31.5,123,"B_S_D",4.11,4.35,NA,NA,47.82,50.58,NA,"Dex",10,"",NA,11.35,12,NA,"","M19N031","190035","","6134617F","egg photo","Turkey_Hill_3_2019","Light","Light",65.25,5,13.05,"Light_Light",35311
"220","P19N027",0.555555555555556,0.999386578333947,9,"yes","278172401","TRES","Ithaca","Turkey_Hill","106","2019","Adult","F","5/27/19","147","1","ASY",23,27.4,115,"B_S_D",0.37,0.47,NA,NA,27.33,28.91,NA,"Dex",10.5,"",NA,6.65,7.03,NA,"","M19N032","190036","","61340066","egg photo, wing photo","Turkey_Hill_106_2019","Light","Light",48.91,5,9.782,"Light_Light",8151
"221","P19N040",0.444444444444444,0.978609625668449,9,"yes","272107599","TRES","Ithaca","Unit_4","80","2019","Adult","F","5/28/19","148","1","ASY",25,27.4,121,"B_S_D",0.79,0.83,NA,NA,85.56,90.48,NA,"Dex",11.5,"",NA,23.22,24.56,NA,"","M19N047","190051","","61342D00","Ibutton, egg photo","Unit_4_80_2019","Light","Light",72.86,6,12.1433333333333,"Light_Light",374
"222","P19N056",0.6,0.392169263496809,10,"yes","278172403","TRES","Ithaca","Turkey_Hill","121","2019","Adult","F","5/29/19","149","1","ASY",21.5,28.4,114,"B_S_D",4.51,4.77,NA,NA,36.88,39,NA,"Dex",9.5,"",NA,9.47,10.02,NA,"","M19N067","190074","","6134612D","","Turkey_Hill_121_2019","Light","Light_Control",70,6,11.6666666666667,"Light_Light_Control",17393
"223","P19N065",0.555555555555556,0.960147601476015,9,"yes","272107803","TRES","Ithaca","Unit_4","87","2019","Adult","F","5/30/19","150","1","ASY",23,28.2,115,"B_S_D",0.01,0.47,NA,NA,41.95,44.37,NA,"Dex",10.5,"",NA,17.72,18.74,NA,"","M19N077","190084","","61335207","ibutton, egg photo","Unit_4_87_2019","Light","Light",71,5,14.2,"Light_Light",1355
"224","P19N066",0.45,0.706869865460174,20,"yes","235120680","TRES","Ithaca","Unit_4","93","2019","Adult","F","5/30/19","150","1","ASY",24,27.7,116,"B_S_D",0,0.47,NA,NA,38.42,40.63,NA,"Dex",11,"",NA,10.57,11.18,NA,"","M19N078","190085","","61346166","ibutton: C4621, egg photo","Unit_4_93_2019","Light","Light",55.3,4,13.825,"Light_Light",16798
"225","P19N078",0.538461538461538,0.976547644200296,13,"yes","272107450","TRES","Ithaca","Turkey_Hill","86","2019","Adult","F","5/31/19","151","1","SY",23.25,27.2,119,"B_S_D",0,0.47,NA,NA,14.88,15.74,NA,"Dex",10.5,"",NA,9.49,10.04,NA,"","M19N090","190097","","61335234","","Turkey_Hill_86_2019","Light","Light_Control",61.21,5,12.242,"Light_Light_Control",9466
"226","P19N079",0.5,0.953272995158914,8,"yes","278172405","TRES","Ithaca","Turkey_Hill","134","2019","Adult","F","5/31/19","151","1","SY",22.5,27.5,115,"B_S_D",0.53,0.57,NA,NA,18.83,19.92,NA,"Dex",10.25,"",NA,8.69,9.19,NA,"","M19N091","190098","","61346178","","Turkey_Hill_134_2019","Light","Light",25.87,3,8.62333333333333,"Light_Light",9502
"227","P19N080",0.4375,0.996815903867985,16,"yes","278172404","TRES","Ithaca","Turkey_Hill","51","2019","Adult","F","5/31/19","151","1","SY",22,29.1,114,"B_S_D",0.29,0.47,NA,NA,10.5,11.1,NA,"Dex",10,"",NA,7.44,7.87,NA,"","M19N092","190099","","61337F1E","","Turkey_Hill_51_2019","Light","Light_Control",39.5,4,9.875,"Light_Light_Control",36117
"228","P19N081",0.333333333333333,0.373101952277657,15,"yes","272107842","TRES","Ithaca","Turkey_Hill","55","2019","Adult","F","5/31/19","151","1","ASY",23,28.2,114,"B_S_D",0.04,0.47,NA,NA,41.21,43.58,NA,"Dex",10.5,"",NA,7.57,8.01,NA,"","M19N093","190100","","61344C66","","Turkey_Hill_55_2019","Light","Light",NA,NA,NA,"Light_Light",461
"229","P19N087",0.5,0.924471299093656,8,"yes","278172409","TRES","Ithaca","Unit_4","7","2019","Adult","F","6/1/19","152","1","ASY",23,28.4,113,"B_S_D",0.15,0.47,NA,NA,80.99,85.65,NA,"Dex",10.5,"",NA,13.82,14.61,NA,"","M19N100","190107","","6133002A","","Unit_4_7_2019","Light","Light_Control",NA,NA,NA,"Light_Light_Control",662
"230","P19N088",0.3,0.0147058823529412,10,"yes","278172406","TRES","Ithaca","Unit_4","18","2019","Adult","F","6/1/19","152","1","SY",23.5,27.2,115,"B_S_D",1.03,1.09,NA,NA,63.97,67.66,NA,"Dex",10.75,"",NA,10.51,11.12,NA,"","M19N101","190108","","61340078","Toe fell off in bag due to Pox","Unit_4_18_2019","Light","Light",38,5,7.6,"Light_Light",204
"231","P19N099",0.625,0.989106753812636,8,"yes","272107290","TRES","Ithaca","Turkey_Hill","97","2019","Adult","F","6/2/19","153","1","ASY",24,27.5,117,"B_S",0,0.47,NA,NA,47.31,50.03,NA,"Dex",11,"",NA,NA,NA,NA,"","M19N114","190122","","61342D55","-Haematoma in both wings; could not get Dex bleed
-14 feathers / mites","Turkey_Hill_97_2019","Light","Light_Control",45,5,9,"Light_Light_Control",459
"232","P19N100",0.333333333333333,0.4,9,"yes","278172411","TRES","Ithaca","Unit_4","84","2019","Adult","F","6/3/19","154","1","ASY",24.5,27.6,115,"B_S_D",3.72,3.94,NA,NA,87.28,92.31,NA,"Dex",11.5,"",NA,NA,NA,NA,"","M19N115","190123","","61346152","No blood taken for Dex.
Ibutton: Yes
Egg photo: Yes
Poxy toe: Yes","Unit_4_84_2019","Light","Light_Control",84.4,5,16.88,"Light_Light_Control",15
"233","P19N101",0.4,0.678571428571428,5,"yes","278172410","TRES","Ithaca","Unit_4","95","2019","Adult","F","6/3/19","154","1","ASY",23.5,27.9,110,"B_S_D",2.22,2.34,NA,NA,54.93,58.09,NA,"Dex",11,"",NA,18.4,19.46,NA,"","M19N116","190124","","61614B55","","Unit_4_95_2019","Light","Light",54,5,10.8,"Light_Light",28
"234","P19N124",0.384615384615385,0.000461542638394918,13,"yes","278172412","TRES","Ithaca","Unit_4","61","2019","Adult","F","6/5/19","156","1","SY",22.25,29.2,114,"B_S_D",3.04,3.21,NA,NA,44.11,46.65,NA,"Dex",10,"",NA,23.2,24.54,NA,"","M19N153","190161","","61344B34","Egg Photo: N","Unit_4_61_2019","Light","Light_Control",105,6,17.5,"Light_Light_Control",36833
"235","P19N166",0.5,0.000419303194327971,10,"yes","278172413","TRES","Ithaca","Unit_4","15","2019","Adult","F","6/9/19","160","1","SY",22.5,27.5,115,"B_S_D",0.59,0.63,NA,NA,59.58,63.01,NA,"Dex",10.5,"",NA,10.5,11.1,NA,"","M19N197","190216","","6134002A","","Unit_4_15_2019","Light","Light_Control",59.66,5,11.932,"Light_Light_Control",26234
"236","P19N167",0.6,0.981617647058823,5,"yes","272106697","TRES","Ithaca","Turkey_Hill","11","2019","Adult","F","6/9/19","160","3","ASY",20.75,NA,NA,"B_S_D",3.66,3.87,NA,NA,NA,NA,NA,"",NA,"",NA,NA,NA,NA,"","","19N0476","","","","Turkey_Hill_11_2019","Light","Light_Control",74.27,5,14.854,"Light_Light_Control",272
"237","P19N185",0.6,0.75,5,"yes","278172419","TRES","Ithaca","Turkey_Hill","116","2019","Adult","F","6/10/19","161","1","SY",19.5,26.7,116,"B_S_D",0.57,0.61,NA,NA,32.59,34.47,NA,"Dex",9,"",NA,22.14,23.42,NA,"","M19N211","190239","","6134617F","","Turkey_Hill_116_2019","Light","Light_Control",NA,NA,NA,"Light_Light_Control",8
"238","P19N213",0.4,0.0227765726681128,5,"yes","278172402","TRES","Ithaca","Unit_4","78","2019","Adult","F","6/12/19","163","3","ASY",21.75,NA,NA,"B_S_D",0.77,0.82,NA,NA,NA,NA,NA,"",NA,"",NA,NA,NA,NA,"","","190282","","","","Unit_4_78_2019","Light","Light_Control",54.39,5,10.878,"Light_Light_Control",2766
"239","P19N214",0.75,0.458715596330275,4,"yes","272107599","TRES","Ithaca","Unit_4","80","2019","Adult","F","6/12/19","163","3","ASY",19.5,NA,NA,"B_S_D",3.62,3.83,NA,NA,NA,NA,NA,"",NA,"",NA,NA,NA,NA,"","","190283","","","","Unit_4_80_2019","Light","Light",72.86,6,12.1433333333333,"Light_Light",218
"240","P19N256",1,1,4,"yes","272107450","TRES","Ithaca","Turkey_Hill","86","2019","Adult","F","6/14/19","165","3","SY",20,NA,NA,"B_S_D",4.77,5.04,NA,NA,NA,NA,NA,"",NA,"",NA,NA,NA,NA,"","","190370","","","","Turkey_Hill_86_2019","Light","Light_Control",61.21,5,12.242,"Light_Light_Control",30528
"241","P19N258",0.454545454545455,0.986516149263092,11,"yes","278172405","TRES","Ithaca","Turkey_Hill","134","2019","Adult","F","6/14/19","165","3","SY",18.5,NA,NA,"B_S_D",4.3,4.54,NA,NA,NA,NA,NA,"",NA,"",NA,NA,NA,NA,"","","190372","","","","Turkey_Hill_134_2019","Light","Light",25.87,3,8.62333333333333,"Light_Light",3189
"242","P19N267",0.466666666666667,0.00577570296384757,15,"yes","235120680","TRES","Ithaca","Unit_4","93","2019","Adult","F","6/15/19","166","3","ASY",19.5,NA,NA,"",1.06,1.12,NA,NA,NA,NA,NA,"",NA,"",NA,NA,NA,NA,"","","190402","","","Female third capture life tag gone, bare patch of skin plus mass made reattachment impossble. Attached pit tag to leg","Unit_4_93_2019","Light","Light",55.3,4,13.825,"Light_Light",46055
"243","P19N323",0.461538461538462,0.870036513007759,13,"yes","278172410","TRES","Ithaca","Unit_4","95","2019","Adult","F","6/17/19","168","3","ASY",19,NA,NA,"M",0,0.47,NA,NA,NA,NA,NA,"",NA,"",NA,NA,NA,NA,"","","190533","","61340052","New life tag and PIT were put @midnight","Unit_4_95_2019","Light","Light",54,5,10.8,"Light_Light",8764
"244","P19N324",0.470588235294118,0.739488587609405,17,"yes","272107290","TRES","Ithaca","Turkey_Hill","97","2019","Adult","F","6/17/19","168","3","ASY",18.5,NA,NA,"B_S",0.4,0.47,NA,NA,NA,NA,NA,"",NA,"",NA,NA,NA,NA,"","","190534","","","","Turkey_Hill_97_2019","Light","Light_Control",45,5,9,"Light_Light_Control",17481
"245","P19N367",0.391304347826087,0.621625251846877,23,"yes","278172412","TRES","Ithaca","Unit_4","61","2019","Adult","F","6/19/19","170","3","SY",18.5,NA,NA,"B_S_D",2.79,2.95,NA,NA,NA,NA,NA,"",NA,"",NA,NA,NA,NA,"","","190624","","61344B34","","Unit_4_61_2019","Light","Light_Control",105,6,17.5,"Light_Light_Control",7445
"246","P19N455",0.388888888888889,0.65738555922605,18,"yes","278172413","TRES","Ithaca","Unit_4","15","2019","Adult","F","6/24/19","175","3","SY",16.75,NA,NA,"B_S",28.98,30.65,NA,NA,NA,NA,NA,"",NA,"",NA,NA,NA,NA,"","","190790","","6134002A","Preen gland exposed Tag a little loose, added more glue at third capture.","Unit_4_15_2019","Light","Light_Control",59.66,5,11.932,"Light_Light_Control",2119
"247","P20N013",0.45,0.693404634581105,20,"yes","281174201","TRES","Ithaca","Unit_4","13","2020","Adult","F","5/27/20","148","1","ASY",23.5,28.8,116,"B_S_D",0.95,1.01,NA,NA,41.15,43.87,NA,"Dex",11,"",NA,12.82,13.67,NA,"","M20N019","200023","","19552A3390","","Unit_4_13_2020","CortMovement","Control",58.1,5,11.62,"CortMovement_Control",1683
"248","P20N020",0.444444444444444,0.935012314292524,9,"yes","281174901","TRES","Ithaca","Turkey_Hill","31","2020","Adult","F","5/29/20","150","1","SY",23.5,28.3,116,"B_S_D",0.54,0.58,NA,NA,30.02,32,NA,"Dex",11,"",NA,12.02,12.81,NA,"","M20N026","200030","","554C1E34C3","","Turkey_Hill_31_2020","CortMovement","Cort",51,3,17,"CortMovement_Cort",12587
"249","P20N021",0.5,0.0877744439681859,12,"yes","281174203","TRES","Ithaca","Turkey_Hill","48","2020","Adult","F","5/29/20","150","1","ASY",22,28.8,116,"B_S_D",0.94,1.01,NA,NA,34.53,36.8,NA,"Dex",10,"",NA,7.43,7.93,NA,"","M20N027","200031","","4B1E2A4C50","Life tag and PIT tag had fallen off by second capture.","Turkey_Hill_48_2020","CortMovement","Control",44.5,5,8.9,"CortMovement_Control",20997
"250","P20N036",0.4,0.831325301204819,5,"yes","281174902","TRES","Ithaca","Unit_4","6","2020","Adult","F","5/30/20","151","1","ASY",23.5,28.5,115,"B_S_D",7.4,7.89,NA,NA,48.72,51.94,NA,"Dex",11,"",NA,34.52,36.79,NA,"","M20N048","200052","","553478347E","","Unit_4_6_2020","CortMovement","Control",24.7,2,12.35,"CortMovement_Control",83
"251","P20N037",0.428571428571429,0.997077059344553,7,"yes","281174204","TRES","Ithaca","Unit_4","63","2020","Adult","F","5/30/20","151","1","ASY",24,28.7,119,"B_S_D",1.73,1.85,NA,NA,62.52,66.64,NA,"Dex",11,"",NA,28.67,30.57,NA,"","M20N049","200053","","2A522D66D2","Life tag and PIT tag had fallen off by second capture","Unit_4_63_2020","CortMovement","Cort",81.3,6,13.55,"CortMovement_Cort",11290
"252","P20N038",0.333333333333333,0.000647878198898607,6,"yes","235120646","TRES","Ithaca","Unit_4","97","2020","Adult","F","5/30/20","151","1","ASY",23.5,27.8,125,"B_S_D",3.11,3.32,NA,NA,46.29,49.34,NA,"Dex",10,"",NA,13.59,14.49,NA,"","M20N050","200054","","34782A2D28","I'm pretty sure this isn't one of our bands. It maybe was banded by someone else at a different location??","Unit_4_97_2020","CortMovement","Control",70.2,5,14.04,"CortMovement_Control",18522
"253","P20N039",0.384615384615385,0.996745321399512,13,"yes","278172408","TRES","Ithaca","Unit_4","89","2020","Adult","F","5/30/20","151","1","ASY",22.5,27.4,116,"B_S_D",0.6,0.64,NA,NA,33.65,35.87,NA,"Dex",6,"",NA,5.15,5.49,NA,"","M20N051","200055","","55556678B2","This bird had a different life tag with PIT tag, plus a different PIT tag in previous year(s)","Unit_4_89_2020","CortMovement","Cort",59.8,5,11.96,"CortMovement_Cort",31954
"254","P20N046",0.25,0.0424242424242424,8,"yes","281174903","TRES","Ithaca","Turkey_Hill","25","2020","Adult","F","5/31/20","152","1","SY",22,27.6,117,"B_S_D",5.29,5.64,NA,NA,60.81,64.82,NA,"Dex",10,"",NA,14.88,15.87,NA,"","M20N067","200071","","1E075261B3","","Turkey_Hill_25_2020","CortMovement","Cort",NA,NA,NA,"CortMovement_Cort",330
"255","P20N047",0.444444444444444,0.876651982378855,9,"yes","281174205","TRES","Ithaca","Turkey_Hill","50","2020","Adult","F","5/31/20","152","1","SY",20.25,28,115,"B_S_D",1.48,1.58,NA,NA,50.59,53.93,NA,"Dex",9,"",NA,13.17,14.04,NA,"","M20N068","200072","","1EZDZD1979","Life tag fallen off at second capture","Turkey_Hill_50_2020","CortMovement","Control",69.8,6,11.6333333333333,"CortMovement_Control",227
"256","P20N048",0.333333333333333,0.985839304426633,9,"yes","281174206","TRES","Ithaca","Turkey_Hill","69","2020","Adult","F","5/31/20","152","1","ASY",20.25,27.6,114,"B_S_D",0.9,0.96,NA,NA,19.88,21.2,NA,"Dex",9,"",NA,14.85,15.83,NA,"","M20N069","200073","","4B072D4BB6","","Turkey_Hill_69_2020","CortMovement","Control",58.1,5,11.62,"CortMovement_Control",35309
"257","P20N049",0.75,0.647058823529412,4,"yes","281174207","TRES","Ithaca","Unit_4","11","2020","Adult","F","5/31/20","152","1","SY",23,28.1,114,"B_S_D",0.99,1.06,NA,NA,31.52,33.6,NA,"Dex",10.5,"",NA,12.22,13.03,NA,"","M20N070","200074","","071E4C33D2","","Unit_4_11_2020","CortMovement","Cort",NA,NA,NA,"CortMovement_Cort",34
"258","P20N053",0.25,0.291666666666667,8,"yes","281174208","TRES","Ithaca","Turkey_Hill","9","2020","Adult","F","6/1/20","153","1","ASY",19.75,28.5,114,"B_S_D",1.21,1.3,NA,NA,62.1,66.19,NA,"Dex",9,"",NA,NA,NA,NA,"","M20N078","200082","","554B52203D","Recorded as no dex bleed because of hematomas but no release time listed","Turkey_Hill_9_2020","CortMovement","Control",68.5,5,13.7,"CortMovement_Control",24
"259","P20N054",0.4,0.558139534883721,5,"yes","278172156","TRES","Ithaca","Unit_4","65","2020","Adult","F","6/1/20","153","1","ASY",19,29,116,"B_S_D",1.23,1.31,NA,NA,36.63,39.05,NA,"Dex",8.5,"",NA,11.26,12,NA,"","M20N079","200083","","52526678C6","Old PIT tag was removed to put on life tag","Unit_4_65_2020","CortMovement","Cort",57.6,4,14.4,"CortMovement_Cort",43
"260","P20N055",0.4,0.995279307631786,5,"yes","278172147","TRES","Ithaca","Unit_4","72","2020","Adult","F","6/1/20","153","1","ASY",22,28.5,117,"B_S_D",2.25,2.41,NA,NA,51.56,54.96,NA,"Dex",10,"",NA,20.41,21.76,NA,"","M20N080","200084","","19344B4BB1","Old pit tag was removed to put on life tag","Unit_4_72_2020","CortMovement","Control",68.1,6,11.35,"CortMovement_Control",1271
"261","P20N060",0.538461538461538,0.992191254204709,13,"yes","281174209","TRES","Ithaca","Unit_4","16","2020","Adult","F","6/2/20","154","1","ASY",22,28.4,118,"B_S_D",3.39,3.61,NA,NA,100.32,106.93,NA,"Dex",10,"",NA,23.58,25.14,NA,"","M20N085","200089","","557820335A","","Unit_4_16_2020","CortMovement","Cort",74.8,6,12.4666666666667,"CortMovement_Cort",16648
"262","P20N071",0.5,0.974448897795591,16,"yes","278172411","TRES","Ithaca","Unit_4","91","2020","Adult","F","6/3/20","155","1","ASY",25.25,28.9,115,"B_S_D",0.84,0.9,NA,NA,46.3,49.35,NA,"Dex",11.5,"",NA,NA,NA,NA,"","M20N097","200101","","5555196689","Couldn't get dex sample because of hematomas","Unit_4_91_2020","CortMovement","Control",69.2,5,13.84,"CortMovement_Control",19960
"263","P20N072",0.6,0.900900900900901,5,"yes","281174210","TRES","Ithaca","Turkey_Hill","24","2020","Adult","F","6/3/20","155","1","SY",19.25,28.5,117,"B_S_D",0.16,0.48,NA,NA,42.59,45.4,NA,"Dex",8.5,"",NA,15.11,16.11,NA,"","M20N098","200102","","522A2055FF","swab not fully insterted for microbiome","Turkey_Hill_24_2020","CortMovement","Control",NA,NA,NA,"CortMovement_Control",111
"264","P20N073",0.368421052631579,0.379667484328155,19,"yes","281174904","TRES","Ithaca","Turkey_Hill","137","2020","Adult","F","6/3/20","155","1","ASY",22,28.7,115,"B_S_D",1.48,1.58,NA,NA,16.87,17.98,NA,"Dex",10,"",NA,15.29,16.3,NA,"","M20N099","200103","","4B786166F2","","Turkey_Hill_137_2020","CortMovement","Cort",42.4,3,14.1333333333333,"CortMovement_Cort",11007
"265","P20N078",0.461538461538462,0.995821816545606,13,"yes","281174211","TRES","Ithaca","Turkey_Hill","56","2020","Adult","F","6/4/20","156","1","SY",23,28.4,115,"B_S_D",2.29,2.44,NA,NA,18.49,19.72,NA,"Dex",10.5,"",NA,14.14,15.07,NA,"","M20N106","200111","","3407612DC4","","Turkey_Hill_56_2020","CortMovement","Cort",75.2,5,15.04,"CortMovement_Cort",15557
"266","P20N082",0.384615384615385,0.221879535558781,13,"yes","281174212","TRES","Ithaca","Unit_4","105","2020","Adult","F","6/5/20","157","1","ASY",22,27.8,114,"B_S_D",2.71,2.89,NA,NA,21,22.39,NA,"Dex",10,"",NA,11.55,12.31,NA,"","M20N111","200118","","194BZD3460","","Unit_4_105_2020","CortMovement","Cort",62.7,5,12.54,"CortMovement_Cort",11024
"267","P20N094",0.153846153846154,0.0162481536189069,13,"yes","281174905","TRES","Ithaca","Unit_4","20","2020","Adult","F","6/6/20","158","1","SY",23.25,28.6,114,"B_S_D",0.91,0.97,NA,NA,10.28,10.96,NA,"Dex",10.5,"",NA,6.71,7.16,NA,"","M20N120","200131","","19664B6195","","Unit_4_20_2020","CortMovement","Control",NA,NA,NA,"CortMovement_Control",677
"268","P20N095",0.333333333333333,0.0140845070422535,9,"yes","281174213","TRES","Ithaca","Unit_4","78","2020","Adult","F","6/6/20","158","1","SY",22.25,29,114,"B_S_D",0.39,0.48,NA,NA,8.8,9.38,NA,"Dex",10,"",NA,7.52,8.02,NA,"","M20N121","200132","","6607072A8A","","Unit_4_78_2020","CortMovement","Cort",83.5,6,13.9166666666667,"CortMovement_Cort",639
"269","P20N096",0.25,0.10373760488177,12,"yes","281128402","TRES","Ithaca","Unit_4","101","2020","Adult","F","6/6/20","158","1","ASY",22.5,28.5,122,"B_S_D",0.83,0.89,NA,NA,19.52,20.82,NA,"Dex",10.5,"",NA,5.55,5.92,NA,"","M20N122","200133","","34784B1E51","Old PIT tag removed to put on life tag mass taken without old PIT tag","Unit_4_101_2020","CortMovement","Cort",73.6,6,12.2666666666667,"CortMovement_Cort",5244
"270","P20N097",0.5,0.631758679567444,16,"yes","281174906","TRES","Ithaca","Turkey_Hill","110","2020","Adult","F","6/6/20","158","1","SY",22.5,28.4,113,"B_S_D",0.75,0.81,NA,NA,24.05,25.64,NA,"Dex",10.5,"",NA,17.66,18.82,NA,"","M20N123","200134","","3407073315","","Turkey_Hill_110_2020","CortMovement","Control",NA,NA,NA,"CortMovement_Control",1757
"271","P20N102",0.5,0.938463016945895,14,"yes","281174215","TRES","Ithaca","Turkey_Hill","32","2020","Adult","F","6/7/20","159","1","SY",20.75,28.7,115,"B_S_D",2.56,2.74,NA,NA,31.14,33.2,NA,"Dex",9.5,"",NA,10.09,10.76,NA,"","M20N129","200142","","34074B610B","","Turkey_Hill_32_2020","CortMovement","Control",56.2,5,11.24,"CortMovement_Control",31217
"272","P20N103",0.5,0.977793696275072,10,"yes","281174908","TRES","Ithaca","Turkey_Hill","101","2020","Adult","F","6/7/20","159","1","SY",24,28.2,112,"B_S_D",1.2,1.28,NA,NA,10.35,11.04,NA,"Dex",11,"",NA,9.81,10.46,NA,"","M20N130","200143","","2D61521EE2","","Turkey_Hill_101_2020","CortMovement","Cort",69.7,5,13.94,"CortMovement_Cort",12564
"273","P20N120",0.2,0.992051463406419,15,"yes","281174216","TRES","Ithaca","Turkey_Hill","123","2020","Adult","F","6/9/20","161","1","SY",20.5,28.9,112,"B_S_D",0.36,0.48,NA,NA,24.99,26.64,NA,"Dex",9.5,"",NA,13.73,14.64,NA,"","M20N146","200166","","194B4B1E3D","","Turkey_Hill_123_2020","CortMovement","Control",58.6,4,14.65,"CortMovement_Control",29691
"274","P20N122",0.25,0.00127145581691036,16,"yes","281174202","TRES","Ithaca","Unit_4","3","2020","Adult","F","6/10/20","162","2","SY",19,28.7,116,"B_S",88.16,93.97,NA,NA,128.28,136.73,NA,"",NA,"",NA,NA,NA,NA,"","M20N147","200168","","ZD782D4CAZ","","Unit_4_3_2020","CortMovement","Cort",61.1,5,12.22,"CortMovement_Cort",11011
"275","P20N123",0.277777777777778,0.90713239907969,18,"yes","281174201","TRES","Ithaca","Unit_4","13","2020","Adult","F","6/10/20","162","2","ASY",18.5,28.7,114,"B_S",2.43,2.59,NA,NA,77.47,82.58,NA,"",NA,"",NA,NA,NA,NA,"","M20N148","200169","","19552A3390","","Unit_4_13_2020","CortMovement","Control",58.1,5,11.62,"CortMovement_Control",28686
"276","P20N143",0.407407407407407,0.924176825794691,27,"yes","281174203","TRES","Ithaca","Turkey_Hill","48","2020","Adult","F","6/11/20","163","2","ASY",20,28.6,117,"B_S",1.56,1.67,NA,NA,26.95,28.73,NA,"",NA,"",NA,NA,NA,NA,"","M20N168","200203","","4B074C550C","At this capture previous life tag and PIT had fallen off, replaced with these ones","Turkey_Hill_48_2020","CortMovement","Control",44.5,5,8.9,"CortMovement_Control",17554
"277","P20N150",0.380952380952381,0.0661463965022801,21,"yes","281174204","TRES","Ithaca","Unit_4","63","2020","Adult","F","6/12/20","164","2","ASY",19.25,28.9,118,"B_S",79.67,84.92,NA,NA,113.33,120.79,NA,"",NA,"",NA,NA,NA,NA,"","M20N174","200214","B20N013","","Life tag had fallen off","Unit_4_63_2020","CortMovement","Cort",81.3,6,13.55,"CortMovement_Cort",63813
"278","P20N151",0.363636363636364,0.527363184079602,11,"yes","235120646","TRES","Ithaca","Unit_4","97","2020","Adult","F","6/12/20","164","2","ASY",20.75,29,125,"B_S",1.79,1.92,NA,NA,26.33,28.07,NA,"",NA,"",NA,NA,NA,NA,"","M20N175","200215","","3478ZA2D28","","Unit_4_97_2020","CortMovement","Control",70.2,5,14.04,"CortMovement_Control",402
"279","P20N152",0.4,0.0395988686037542,10,"yes","281174901","TRES","Ithaca","Turkey_Hill","31","2020","Adult","F","6/12/20","164","2","SY",19.25,28.8,111,"B_S",2.32,2.48,NA,NA,34.19,36.45,NA,"",NA,"",NA,NA,NA,NA,"","M20N176","200216","","554C1E34C3","","Turkey_Hill_31_2020","CortMovement","Cort",51,3,17,"CortMovement_Cort",11667
"280","P20N153",0.454545454545455,0.994616977225673,11,"yes","281174205","TRES","Ithaca","Turkey_Hill","50","2020","Adult","F","6/12/20","164","2","SY",18.75,28,115,"B_S",2.43,2.6,NA,NA,33.38,35.59,NA,"",NA,"",NA,NA,NA,NA,"","M20N177","200217","B20N014","","","Turkey_Hill_50_2020","CortMovement","Control",69.8,6,11.6333333333333,"CortMovement_Control",4830
"281","P20N155",0.555555555555556,0.743421052631579,9,"yes","278172147","TRES","Ithaca","Unit_4","72","2020","Adult","F","6/13/20","165","2","ASY",20.5,28.4,117,"B_S",5.04,5.37,NA,NA,19.59,20.88,NA,"",NA,"",NA,NA,NA,NA,"","M20N178","200219","","19344B4BB1","","Unit_4_72_2020","CortMovement","Control",68.1,6,11.35,"CortMovement_Control",304
"282","P20N157",0.368421052631579,0.343558282208589,19,"yes","278172408","TRES","Ithaca","Unit_4","89","2020","Adult","F","6/13/20","165","2","ASY",19,28.2,117,"B_S",203.86,217.29,NA,NA,241.41,257.31,NA,"",NA,"",NA,NA,NA,NA,"","M20N179","200221","B20N016","55556678B2","","Unit_4_89_2020","CortMovement","Cort",59.8,5,11.96,"CortMovement_Cort",163
"283","P20N160",0.260869565217391,0.960859924804782,23,"yes","281174206","TRES","Ithaca","Turkey_Hill","69","2020","Adult","F","6/13/20","165","2","ASY",18.25,27.8,113,"B_S",3.38,3.61,NA,NA,36.89,39.32,NA,"",NA,"",NA,NA,NA,NA,"","M20N183","200227","B20N018","4B072D4BB6","","Turkey_Hill_69_2020","CortMovement","Control",58.1,5,11.62,"CortMovement_Control",10373
"284","P20N166",0.388888888888889,0.987667747761745,18,"yes","281174902","TRES","Ithaca","Unit_4","6","2020","Adult","F","6/14/20","166","2","ASY",19.75,28,116,"B_S",0.53,0.57,NA,NA,43.01,45.87,NA,"",NA,"",NA,NA,NA,NA,"","M20N186","200234","","553478347E","","Unit_4_6_2020","CortMovement","Control",24.7,2,12.35,"CortMovement_Control",51491
"285","P20N171",0.142857142857143,0.0233333333333333,14,"yes","278172156","TRES","Ithaca","Unit_4","65","2020","Adult","F","6/15/20","167","2","ASY",18.25,28.4,116,"B_S",5.22,5.57,NA,NA,108.32,115.46,NA,"",NA,"",NA,NA,NA,NA,"","M20N189","200240","","52526678C6","glue added to life tag","Unit_4_65_2020","CortMovement","Cort",57.6,4,14.4,"CortMovement_Cort",300
"286","P20N175",0.2,0.0340632603406326,10,"yes","281174209","TRES","Ithaca","Unit_4","16","2020","Adult","F","6/16/20","168","2","ASY",20.25,28.4,119,"B_S",65.11,69.4,NA,NA,203.3,216.7,NA,"",NA,"",NA,NA,NA,NA,"","M20N193","200248","","557820335A","","Unit_4_16_2020","CortMovement","Cort",74.8,6,12.4666666666667,"CortMovement_Cort",411
"287","P20N178",0.5625,0.908284023668639,16,"yes","281174904","TRES","Ithaca","Turkey_Hill","137","2020","Adult","F","6/17/20","169","2","SY",18.75,28.8,118,"B_S",223.85,238.6,NA,NA,98.61,105.11,NA,"",NA,"",NA,NA,NA,NA,"","M20N195","200262","B20N023","4B786166F2","","Turkey_Hill_137_2020","CortMovement","Cort",42.4,3,14.1333333333333,"CortMovement_Cort",676
"288","P20N180",0.409090909090909,0.00395873320537428,22,"yes","281174212","TRES","Ithaca","Unit_4","105","2020","Adult","F","6/18/20","170","2","ASY",18.5,27.4,117,"B_S",17.3,18.44,NA,NA,64.86,69.13,NA,"",NA,"",NA,NA,NA,NA,"","M20N197","200270","B20N024","194BZD3460","","Unit_4_105_2020","CortMovement","Cort",62.7,5,12.54,"CortMovement_Cort",33344
"289","P20N181",0.388888888888889,0.858689458689459,18,"yes","281174211","TRES","Ithaca","Turkey_Hill","56","2020","Adult","F","6/18/20","170","2","SY",18,28.5,115,"B_S",179.75,191.59,NA,NA,135.76,144.7,NA,"",NA,"",NA,NA,NA,NA,"","M20N198","200271","B20N025","3407612DC4","No stress bleed time listed and release is much later than 30 minutes so not sure about timing","Turkey_Hill_56_2020","CortMovement","Cort",75.2,5,15.04,"CortMovement_Cort",1755
"290","P20N185",0.357142857142857,0.00817177637511271,14,"yes","281128402","TRES","Ithaca","Unit_4","101","2020","Adult","F","6/19/20","171","2","ASY",18.75,28.2,122,"B_S",69.5,74.08,NA,NA,37.68,40.17,NA,"",NA,"",NA,NA,NA,NA,"","M20N202","200298","B20N026","34784B1E5","Swab hit tail on way out of bird","Unit_4_101_2020","CortMovement","Cort",73.6,6,12.2666666666667,"CortMovement_Cort",17744
"291","P20N186",0.444444444444444,0.1090573012939,18,"yes","281174215","TRES","Ithaca","Turkey_Hill","32","2020","Adult","F","6/19/20","171","2","SY",17.75,28.8,115,"B_S",2.45,2.62,NA,NA,37.73,40.22,NA,"",NA,"",NA,NA,NA,NA,"","M20N203","200299","","34074B610B","","Turkey_Hill_32_2020","CortMovement","Control",56.2,5,11.24,"CortMovement_Control",541
"292","P20N187",0.142857142857143,0.202662721893491,21,"yes","281174213","TRES","Ithaca","Unit_4","78","2020","Adult","F","6/20/20","172","2","SY",18,28.2,116,"B_S",132.31,141.03,NA,NA,NA,NA,NA,"",NA,"",NA,NA,NA,NA,"","M20N204","200316","","6607072A8A","escaped from bag through hole before stress bleed","Unit_4_78_2020","CortMovement","Cort",83.5,6,13.9166666666667,"CortMovement_Cort",676
"293","P20N190",0.291666666666667,0.616117552519802,24,"yes","281174216","TRES","Ithaca","Turkey_Hill","123","2020","Adult","F","6/22/20","174","2","SY",18.5,28.8,112,"B_S",2.6,2.78,NA,NA,28.54,30.43,NA,"",NA,"",NA,NA,NA,NA,"","M20N208","200686","B20N027","194B4B1E3D","","Turkey_Hill_123_2020","CortMovement","Control",58.6,4,14.65,"CortMovement_Control",26133
