"","sampleID","percent_aquatic_pa","percent_aquatic_ra","num_fam","parental_investment_proj","band","species","location","site","nest","year","age","sex","capture_date","cap_doy","cap_num","age.1","mass","bhead","fwing","sseries_type","cort1_raw","cort1_correct","glucose1","buty","cort2_raw","cort2_correct","glucose2","inject1_type","inject1_dose","inject2_type","inject2_dose","cort3_raw","cort3_correct","glucose3","fate","micro_nb","blood_nb","bolus_nb","lifetag_nb","Notes","site_box_year","Nest_Experiment","Nest_Treatment","exp_treat","TotalReads"
"1","cap12p4p2pd10",0.5,0.363636363636364,10,"yes","(12-4) 2","TRES","","Gut_passage","Captive","2019","Nestling","","6/16/19","167","","10",NA,NA,NA,"",NA,NA,NA,NA,NA,NA,NA,"",NA,"",NA,NA,NA,NA,"","","","","","","Gut_passage_Captive_2019",NA,NA,"NA_NA",22
"2","cap12p4p2pd11",0.4,0.710526315789474,10,"yes","(12-4) 2","TRES","","Gut_passage","Captive","2019","Nestling","","6/17/19","168","","11",NA,NA,NA,"",NA,NA,NA,NA,NA,NA,NA,"",NA,"",NA,NA,NA,NA,"","","","","","","Gut_passage_Captive_2019",NA,NA,"NA_NA",38
"3","cap12p4p2pd12",0.454545454545455,0.527777777777778,11,"yes","(12-4) 2","TRES","","Gut_passage","Captive","2019","Nestling","","6/18/19","169","","12",NA,NA,NA,"",NA,NA,NA,NA,NA,NA,NA,"",NA,"",NA,NA,NA,NA,"","","","","","","Gut_passage_Captive_2019",NA,NA,"NA_NA",36
"4","cap12p4p2pd6",0.333333333333333,0.522388059701492,15,"yes","(12-4) 2","TRES","","Gut_passage","Captive","2019","Nestling","","6/12/19","163","","6",NA,NA,NA,"",NA,NA,NA,NA,NA,NA,NA,"",NA,"",NA,NA,NA,NA,"","","","","","","Gut_passage_Captive_2019",NA,NA,"NA_NA",67
"5","cap12p4p2pd7",0.294117647058824,0.5,17,"yes","(12-4) 2","TRES","","Gut_passage","Captive","2019","Nestling","","6/13/19","164","","7",NA,NA,NA,"",NA,NA,NA,NA,NA,NA,NA,"",NA,"",NA,NA,NA,NA,"","","","","","","Gut_passage_Captive_2019",NA,NA,"NA_NA",72
"6","cap12p4p2pd8",0.416666666666667,0.739130434782609,12,"yes","(12-4) 2","TRES","","Gut_passage","Captive","2019","Nestling","","6/14/19","165","","8",NA,NA,NA,"",NA,NA,NA,NA,NA,NA,NA,"",NA,"",NA,NA,NA,NA,"","","","","","","Gut_passage_Captive_2019",NA,NA,"NA_NA",46
"7","cap12p4p2pd9",0.384615384615385,0.65,13,"yes","(12-4) 2","TRES","","Gut_passage","Captive","2019","Nestling","","6/15/19","166","","9",NA,NA,NA,"",NA,NA,NA,NA,NA,NA,NA,"",NA,"",NA,NA,NA,NA,"","","","","","","Gut_passage_Captive_2019",NA,NA,"NA_NA",60
"8","cap22p4p3pd10",0.285714285714286,0.25,7,"yes","(22-4) 3","TRES","","Gut_passage","Captive","2019","Nestling","","6/16/19","167","","10",NA,NA,NA,"",NA,NA,NA,NA,NA,NA,NA,"",NA,"",NA,NA,NA,NA,"","","","","","","Gut_passage_Captive_2019",NA,NA,"NA_NA",32
"9","cap22p4p3pd11",0.555555555555556,0.7,9,"yes","(22-4) 3","TRES","","Gut_passage","Captive","2019","Nestling","","6/17/19","168","","11",NA,NA,NA,"",NA,NA,NA,NA,NA,NA,NA,"",NA,"",NA,NA,NA,NA,"","","","","","","Gut_passage_Captive_2019",NA,NA,"NA_NA",20
"10","cap22p4p3pd12",0.363636363636364,0.325,11,"yes","(22-4) 3","TRES","","Gut_passage","Captive","2019","Nestling","","6/18/19","169","","12",NA,NA,NA,"",NA,NA,NA,NA,NA,NA,NA,"",NA,"",NA,NA,NA,NA,"","","","","","","Gut_passage_Captive_2019",NA,NA,"NA_NA",40
"11","cap22p4p3pd6",0.333333333333333,0.69811320754717,12,"yes","(22-4) 3","TRES","","Gut_passage","Captive","2019","Nestling","","6/12/19","163","","6",NA,NA,NA,"",NA,NA,NA,NA,NA,NA,NA,"",NA,"",NA,NA,NA,NA,"","","","","","","Gut_passage_Captive_2019",NA,NA,"NA_NA",53
"12","cap22p4p3pd7",0.315789473684211,0.376470588235294,19,"yes","(22-4) 3","TRES","","Gut_passage","Captive","2019","Nestling","","6/13/19","164","","7",NA,NA,NA,"",NA,NA,NA,NA,NA,NA,NA,"",NA,"",NA,NA,NA,NA,"","","","","","","Gut_passage_Captive_2019",NA,NA,"NA_NA",85
"13","cap22p4p3pd8",0.222222222222222,0.3125,18,"yes","(22-4) 3","TRES","","Gut_passage","Captive","2019","Nestling","","6/14/19","165","","8",NA,NA,NA,"",NA,NA,NA,NA,NA,NA,NA,"",NA,"",NA,NA,NA,NA,"","","","","","","Gut_passage_Captive_2019",NA,NA,"NA_NA",64
"14","cap22p4p3pd9",0.333333333333333,0.303030303030303,9,"yes","(22-4) 3","TRES","","Gut_passage","Captive","2019","Nestling","","6/15/19","166","","9",NA,NA,NA,"",NA,NA,NA,NA,NA,NA,NA,"",NA,"",NA,NA,NA,NA,"","","","","","","Gut_passage_Captive_2019",NA,NA,"NA_NA",33
"15","cap34p4p4pd10",0.384615384615385,0.202247191011236,13,"yes","(34-4) 4","TRES","","Gut_passage","Captive","2019","Nestling","","6/18/19","169","","10",NA,NA,NA,"",NA,NA,NA,NA,NA,NA,NA,"",NA,"",NA,NA,NA,NA,"","","","","","","Gut_passage_Captive_2019",NA,NA,"NA_NA",89
"16","cap34p4p4pd11",0.5,0.41025641025641,6,"yes","(34-4) 4","TRES","","Gut_passage","Captive","2019","Nestling","","6/19/19","170","","11",NA,NA,NA,"",NA,NA,NA,NA,NA,NA,NA,"",NA,"",NA,NA,NA,NA,"","","","","","","Gut_passage_Captive_2019",NA,NA,"NA_NA",39
"17","cap34p4p4pd12",0.363636363636364,0.121951219512195,11,"yes","(34-4) 4","TRES","","Gut_passage","Captive","2019","Nestling","","6/20/19","171","","12",NA,NA,NA,"",NA,NA,NA,NA,NA,NA,NA,"",NA,"",NA,NA,NA,NA,"","","","","","","Gut_passage_Captive_2019",NA,NA,"NA_NA",123
"18","cap34p4p4pd6",0.333333333333333,0.705882352941177,15,"yes","(34-4) 4","TRES","","Gut_passage","Captive","2019","Nestling","","6/14/19","165","","6",NA,NA,NA,"",NA,NA,NA,NA,NA,NA,NA,"",NA,"",NA,NA,NA,NA,"","","","","","","Gut_passage_Captive_2019",NA,NA,"NA_NA",85
"19","cap34p4p4pd7",0.444444444444444,0.691489361702128,18,"yes","(34-4) 4","TRES","","Gut_passage","Captive","2019","Nestling","","6/15/19","166","","7",NA,NA,NA,"",NA,NA,NA,NA,NA,NA,NA,"",NA,"",NA,NA,NA,NA,"","","","","","","Gut_passage_Captive_2019",NA,NA,"NA_NA",94
"20","cap34p4p4pd8",0.357142857142857,0.378787878787879,14,"yes","(34-4) 4","TRES","","Gut_passage","Captive","2019","Nestling","","6/16/19","167","","8",NA,NA,NA,"",NA,NA,NA,NA,NA,NA,NA,"",NA,"",NA,NA,NA,NA,"","","","","","","Gut_passage_Captive_2019",NA,NA,"NA_NA",66
"21","cap34p4p4pd9",0.571428571428571,0.49438202247191,14,"yes","(34-4) 4","TRES","","Gut_passage","Captive","2019","Nestling","","6/17/19","168","","9",NA,NA,NA,"",NA,NA,NA,NA,NA,NA,NA,"",NA,"",NA,NA,NA,NA,"","","","","","","Gut_passage_Captive_2019",NA,NA,"NA_NA",89
"22","cap4p4p1pd10",0.357142857142857,0.3125,14,"yes","(4-4) 1","TRES","","Gut_passage","Captive","2019","Nestling","","6/16/19","167","","10",NA,NA,NA,"",NA,NA,NA,NA,NA,NA,NA,"",NA,"",NA,NA,NA,NA,"","","","","","","Gut_passage_Captive_2019",NA,NA,"NA_NA",32
"23","cap4p4p1pd11",0.3125,0.471698113207547,16,"yes","(4-4) 1","TRES","","Gut_passage","Captive","2019","Nestling","","6/17/19","168","","11",NA,NA,NA,"",NA,NA,NA,NA,NA,NA,NA,"",NA,"",NA,NA,NA,NA,"","","","","","","Gut_passage_Captive_2019",NA,NA,"NA_NA",53
"24","cap4p4p1pd12",0.428571428571429,0.709090909090909,21,"yes","(4-4) 1","TRES","","Gut_passage","Captive","2019","Nestling","","6/18/19","169","","12",NA,NA,NA,"",NA,NA,NA,NA,NA,NA,NA,"",NA,"",NA,NA,NA,NA,"","","","","","","Gut_passage_Captive_2019",NA,NA,"NA_NA",110
"25","cap4p4p1pd6",0.384615384615385,0.449275362318841,13,"yes","(4-4) 1","TRES","","Gut_passage","Captive","2019","Nestling","","6/12/19","163","","6",NA,NA,NA,"",NA,NA,NA,NA,NA,NA,NA,"",NA,"",NA,NA,NA,NA,"","","","","","","Gut_passage_Captive_2019",NA,NA,"NA_NA",69
"26","cap4p4p1pd7",0.416666666666667,0.675675675675676,12,"yes","(4-4) 1","TRES","","Gut_passage","Captive","2019","Nestling","","6/13/19","164","","7",NA,NA,NA,"",NA,NA,NA,NA,NA,NA,NA,"",NA,"",NA,NA,NA,NA,"","","","","","","Gut_passage_Captive_2019",NA,NA,"NA_NA",37
"27","cap4p4p1pd8",0.5,0.269230769230769,8,"yes","(4-4) 1","TRES","","Gut_passage","Captive","2019","Nestling","","6/14/19","165","","8",NA,NA,NA,"",NA,NA,NA,NA,NA,NA,NA,"",NA,"",NA,NA,NA,NA,"","","","","","","Gut_passage_Captive_2019",NA,NA,"NA_NA",52
"28","cap4p4p1pd9",0.333333333333333,0.282051282051282,9,"yes","(4-4) 1","TRES","","Gut_passage","Captive","2019","Nestling","","6/15/19","166","","9",NA,NA,NA,"",NA,NA,NA,NA,NA,NA,NA,"",NA,"",NA,NA,NA,NA,"","","","","","","Gut_passage_Captive_2019",NA,NA,"NA_NA",39
"29","cap64p4p5pd10",0.625,0.5625,8,"yes","(64-4) 5","TRES","","Gut_passage","Captive","2019","Nestling","","6/18/19","169","","10",NA,NA,NA,"",NA,NA,NA,NA,NA,NA,NA,"",NA,"",NA,NA,NA,NA,"","","","","","","Gut_passage_Captive_2019",NA,NA,"NA_NA",32
"30","cap64p4p5pd11",0.333333333333333,0.0645161290322581,9,"yes","(64-4) 5","TRES","","Gut_passage","Captive","2019","Nestling","","6/19/19","170","","11",NA,NA,NA,"",NA,NA,NA,NA,NA,NA,NA,"",NA,"",NA,NA,NA,NA,"","","","","","","Gut_passage_Captive_2019",NA,NA,"NA_NA",62
"31","cap64p4p5pd12",0.444444444444444,0.695652173913044,9,"yes","(64-4) 5","TRES","","Gut_passage","Captive","2019","Nestling","","6/20/19","171","","12",NA,NA,NA,"",NA,NA,NA,NA,NA,NA,NA,"",NA,"",NA,NA,NA,NA,"","","","","","","Gut_passage_Captive_2019",NA,NA,"NA_NA",92
"32","cap64p4p5pd6",0.4,0.173913043478261,10,"yes","(64-4) 5","TRES","","Gut_passage","Captive","2019","Nestling","","6/14/19","165","","6",NA,NA,NA,"",NA,NA,NA,NA,NA,NA,NA,"",NA,"",NA,NA,NA,NA,"","","","","","","Gut_passage_Captive_2019",NA,NA,"NA_NA",69
"33","cap64p4p5pd7",0.352941176470588,0.576923076923077,17,"yes","(64-4) 5","TRES","","Gut_passage","Captive","2019","Nestling","","6/15/19","166","","7",NA,NA,NA,"",NA,NA,NA,NA,NA,NA,NA,"",NA,"",NA,NA,NA,NA,"","","","","","","Gut_passage_Captive_2019",NA,NA,"NA_NA",156
"34","cap64p4p5pd8",0.444444444444444,0.549618320610687,18,"yes","(64-4) 5","TRES","","Gut_passage","Captive","2019","Nestling","","6/16/19","167","","8",NA,NA,NA,"",NA,NA,NA,NA,NA,NA,NA,"",NA,"",NA,NA,NA,NA,"","","","","","","Gut_passage_Captive_2019",NA,NA,"NA_NA",131
"35","cap64p4p5pd9",0.266666666666667,0.253012048192771,15,"yes","(64-4) 5","TRES","","Gut_passage","Captive","2019","Nestling","","6/17/19","168","","9",NA,NA,NA,"",NA,NA,NA,NA,NA,NA,NA,"",NA,"",NA,NA,NA,NA,"","","","","","","Gut_passage_Captive_2019",NA,NA,"NA_NA",166
"36","L19N005a",0.6,0.833333333333333,5,"yes","","TRES","Ithaca","Unit_4","94","2019","Nestling","","","161","1","6",NA,NA,NA,"",NA,NA,NA,NA,NA,NA,NA,"",NA,"",NA,NA,NA,NA,"","","","","","","Unit_4_94_2019","Light","Light_Control","Light_Light_Control",12
"37","L19N005b",0.571428571428571,0.882352941176471,7,"yes","","TRES","Ithaca","Unit_4","94","2019","Nestling","","","161","1","6",NA,NA,NA,"",NA,NA,NA,NA,NA,NA,NA,"",NA,"",NA,NA,NA,NA,"","","","","","","Unit_4_94_2019","Light","Light_Control","Light_Light_Control",51
"38","L19N005c",0.4,0.25,5,"yes","","TRES","Ithaca","Unit_4","94","2019","Nestling","","","161","1","6",NA,NA,NA,"",NA,NA,NA,NA,NA,NA,NA,"",NA,"",NA,NA,NA,NA,"","","","","","","Unit_4_94_2019","Light","Light_Control","Light_Light_Control",8
"39","L19N005d",0.8,0.995260663507109,5,"yes","","TRES","Ithaca","Unit_4","94","2019","Nestling","","","161","1","6",NA,NA,NA,"",NA,NA,NA,NA,NA,NA,NA,"",NA,"",NA,NA,NA,NA,"","","","","","","Unit_4_94_2019","Light","Light_Control","Light_Light_Control",211
"40","L19N006a",0.444444444444444,0.995077932731747,9,"yes","","TRES","Ithaca","Turkey_Hill","3","2019","Nestling","","","162","1","6",NA,NA,NA,"",NA,NA,NA,NA,NA,NA,NA,"",NA,"",NA,NA,NA,NA,"","","","","","","Turkey_Hill_3_2019","Light","Light","Light_Light",14628
"41","L19N006b",0.4,0.440619621342513,10,"yes","","TRES","Ithaca","Turkey_Hill","3","2019","Nestling","","","162","1","6",NA,NA,NA,"",NA,NA,NA,NA,NA,NA,NA,"",NA,"",NA,NA,NA,NA,"","","","","","","Turkey_Hill_3_2019","Light","Light","Light_Light",1743
"42","L19N006c",0.5,0.327433628318584,10,"yes","","TRES","Ithaca","Turkey_Hill","3","2019","Nestling","","","162","1","6",NA,NA,NA,"",NA,NA,NA,NA,NA,NA,NA,"",NA,"",NA,NA,NA,NA,"","","","","","","Turkey_Hill_3_2019","Light","Light","Light_Light",113
"43","L19N006d",0.4,0.578313253012048,5,"yes","","TRES","Ithaca","Turkey_Hill","3","2019","Nestling","","","162","1","6",NA,NA,NA,"",NA,NA,NA,NA,NA,NA,NA,"",NA,"",NA,NA,NA,NA,"","","","","","","Turkey_Hill_3_2019","Light","Light","Light_Light",83
"44","L19N006e",0.444444444444444,0.893617021276596,9,"yes","","TRES","Ithaca","Turkey_Hill","3","2019","Nestling","","","162","1","6",NA,NA,NA,"",NA,NA,NA,NA,NA,NA,NA,"",NA,"",NA,NA,NA,NA,"","","","","","","Turkey_Hill_3_2019","Light","Light","Light_Light",47
"45","L19N007a",0.666666666666667,0.98766414643852,6,"yes","","TRES","Ithaca","Turkey_Hill","106","2019","Nestling","","","162","1","6",NA,NA,NA,"",NA,NA,NA,NA,NA,NA,NA,"",NA,"",NA,NA,NA,NA,"","","","","","","Turkey_Hill_106_2019","Light","Light","Light_Light",2513
"46","L19N007b",0.75,0.96,4,"yes","","TRES","Ithaca","Turkey_Hill","106","2019","Nestling","","","162","1","6",NA,NA,NA,"",NA,NA,NA,NA,NA,NA,NA,"",NA,"",NA,NA,NA,NA,"","","","","","","Turkey_Hill_106_2019","Light","Light","Light_Light",25
"47","L19N007d",0.454545454545455,0.971068484464172,11,"yes","","TRES","Ithaca","Turkey_Hill","106","2019","Nestling","","","162","1","6",NA,NA,NA,"",NA,NA,NA,NA,NA,NA,NA,"",NA,"",NA,NA,NA,NA,"","","","","","","Turkey_Hill_106_2019","Light","Light","Light_Light",25232
"48","L19N008a",0.416666666666667,0.638104531316704,12,"yes","","TRES","Ithaca","Turkey_Hill","121","2019","Nestling","","","162","1","6",NA,NA,NA,"",NA,NA,NA,NA,NA,NA,NA,"",NA,"",NA,NA,NA,NA,"","","","","","","Turkey_Hill_121_2019","Light","Light_Control","Light_Light_Control",16397
"49","L19N008b",0.307692307692308,0.939673969473575,13,"yes","","TRES","Ithaca","Turkey_Hill","121","2019","Nestling","","","162","1","6",NA,NA,NA,"",NA,NA,NA,NA,NA,NA,NA,"",NA,"",NA,NA,NA,NA,"","","","","","","Turkey_Hill_121_2019","Light","Light_Control","Light_Light_Control",9631
"50","L19N008c",0.333333333333333,0.910179640718563,9,"yes","","TRES","Ithaca","Turkey_Hill","121","2019","Nestling","","","162","1","6",NA,NA,NA,"",NA,NA,NA,NA,NA,NA,NA,"",NA,"",NA,NA,NA,NA,"","","","","","","Turkey_Hill_121_2019","Light","Light_Control","Light_Light_Control",167
"51","L19N008d",0.4,0.354166666666667,10,"yes","","TRES","Ithaca","Turkey_Hill","121","2019","Nestling","","","162","1","6",NA,NA,NA,"",NA,NA,NA,NA,NA,NA,NA,"",NA,"",NA,NA,NA,NA,"","","","","","","Turkey_Hill_121_2019","Light","Light_Control","Light_Light_Control",48
"52","L19N008e",0.416666666666667,0.568852459016393,12,"yes","","TRES","Ithaca","Turkey_Hill","121","2019","Nestling","","","162","1","6",NA,NA,NA,"",NA,NA,NA,NA,NA,NA,NA,"",NA,"",NA,NA,NA,NA,"","","","","","","Turkey_Hill_121_2019","Light","Light_Control","Light_Light_Control",610
"53","L19N008f",0.75,0.999662731871838,4,"yes","","TRES","Ithaca","Turkey_Hill","121","2019","Nestling","","","162","1","6",NA,NA,NA,"",NA,NA,NA,NA,NA,NA,NA,"",NA,"",NA,NA,NA,NA,"","","","","","","Turkey_Hill_121_2019","Light","Light_Control","Light_Light_Control",2965
"54","L19N009a",0.533333333333333,0.132571977676756,15,"yes","","TRES","Ithaca","Turkey_Hill","51","2019","Nestling","","","163","1","6",NA,NA,NA,"",NA,NA,NA,NA,NA,NA,NA,"",NA,"",NA,NA,NA,NA,"","","","","","","Turkey_Hill_51_2019","Light","Light_Control","Light_Light_Control",27057
"55","L19N009b",0.416666666666667,0.850847457627119,12,"yes","","TRES","Ithaca","Turkey_Hill","51","2019","Nestling","","","163","1","6",NA,NA,NA,"",NA,NA,NA,NA,NA,NA,NA,"",NA,"",NA,NA,NA,NA,"","","","","","","Turkey_Hill_51_2019","Light","Light_Control","Light_Light_Control",295
"56","L19N009c",0.5,0.0624950432230946,12,"yes","","TRES","Ithaca","Turkey_Hill","51","2019","Nestling","","","163","1","6",NA,NA,NA,"",NA,NA,NA,NA,NA,NA,NA,"",NA,"",NA,NA,NA,NA,"","","","","","","Turkey_Hill_51_2019","Light","Light_Control","Light_Light_Control",25218
"57","L19N010a",0.533333333333333,0.549019607843137,15,"yes","","TRES","Ithaca","Unit_4","78","2019","Nestling","","","163","1","6",NA,NA,NA,"",NA,NA,NA,NA,NA,NA,NA,"",NA,"",NA,NA,NA,NA,"","","","","","","Unit_4_78_2019","Light","Light_Control","Light_Light_Control",51
"58","L19N010b",0.541666666666667,0.784286887489734,24,"yes","","TRES","Ithaca","Unit_4","78","2019","Nestling","","","163","1","6",NA,NA,NA,"",NA,NA,NA,NA,NA,NA,NA,"",NA,"",NA,NA,NA,NA,"","","","","","","Unit_4_78_2019","Light","Light_Control","Light_Light_Control",7306
"59","L19N010c",0.366666666666667,0.591763524178505,30,"yes","","TRES","Ithaca","Unit_4","78","2019","Nestling","","","163","1","6",NA,NA,NA,"",NA,NA,NA,NA,NA,NA,NA,"",NA,"",NA,NA,NA,NA,"","","","","","","Unit_4_78_2019","Light","Light_Control","Light_Light_Control",13938
"60","L19N010d",0.333333333333333,0.959752202855054,21,"yes","","TRES","Ithaca","Unit_4","78","2019","Nestling","","","163","1","6",NA,NA,NA,"",NA,NA,NA,NA,NA,NA,NA,"",NA,"",NA,NA,NA,NA,"","","","","","","Unit_4_78_2019","Light","Light_Control","Light_Light_Control",25989
"61","L19N011a",0.416666666666667,0.376334519572954,24,"yes","","TRES","Ithaca","Unit_4","80","2019","Nestling","","","163","1","6",NA,NA,NA,"",NA,NA,NA,NA,NA,NA,NA,"",NA,"",NA,NA,NA,NA,"","","","","","","Unit_4_80_2019","Light","Light","Light_Light",10116
"62","L19N011b",0.333333333333333,0.611208524413272,24,"yes","","TRES","Ithaca","Unit_4","80","2019","Nestling","","","163","1","6",NA,NA,NA,"",NA,NA,NA,NA,NA,NA,NA,"",NA,"",NA,NA,NA,NA,"","","","","","","Unit_4_80_2019","Light","Light","Light_Light",29656
"63","L19N011c",0.333333333333333,0.0110487006974878,18,"yes","","TRES","Ithaca","Unit_4","80","2019","Nestling","","","163","1","6",NA,NA,NA,"",NA,NA,NA,NA,NA,NA,NA,"",NA,"",NA,NA,NA,NA,"","","","","","","Unit_4_80_2019","Light","Light","Light_Light",16201
"64","L19N011d",0.333333333333333,0.396719630958483,18,"yes","","TRES","Ithaca","Unit_4","80","2019","Nestling","","","163","1","6",NA,NA,NA,"",NA,NA,NA,NA,NA,NA,NA,"",NA,"",NA,NA,NA,NA,"","","","","","","Unit_4_80_2019","Light","Light","Light_Light",1951
"65","L19N011e",0.428571428571429,0.349027237354086,14,"yes","","TRES","Ithaca","Unit_4","80","2019","Nestling","","","163","1","6",NA,NA,NA,"",NA,NA,NA,NA,NA,NA,NA,"",NA,"",NA,NA,NA,NA,"","","","","","","Unit_4_80_2019","Light","Light","Light_Light",2570
"66","L19N011f",0.5,0.493414387031408,10,"yes","","TRES","Ithaca","Unit_4","80","2019","Nestling","","","163","1","6",NA,NA,NA,"",NA,NA,NA,NA,NA,NA,NA,"",NA,"",NA,NA,NA,NA,"","","","","","","Unit_4_80_2019","Light","Light","Light_Light",987
"67","L19N012a",0.75,0.909090909090909,4,"yes","","TRES","Ithaca","Unit_4","87","2019","Nestling","","","164","1","6",NA,NA,NA,"",NA,NA,NA,NA,NA,NA,NA,"",NA,"",NA,NA,NA,NA,"","","","","","","Unit_4_87_2019","Light","Light","Light_Light",33
"68","L19N012b",0.411764705882353,0.865431966598865,17,"yes","","TRES","Ithaca","Unit_4","87","2019","Nestling","","","164","1","6",NA,NA,NA,"",NA,NA,NA,NA,NA,NA,NA,"",NA,"",NA,NA,NA,NA,"","","","","","","Unit_4_87_2019","Light","Light","Light_Light",9341
"69","L19N012c",0.428571428571429,0.21255180580225,14,"yes","","TRES","Ithaca","Unit_4","87","2019","Nestling","","","164","1","6",NA,NA,NA,"",NA,NA,NA,NA,NA,NA,NA,"",NA,"",NA,NA,NA,NA,"","","","","","","Unit_4_87_2019","Light","Light","Light_Light",1689
"70","L19N013a",0.375,0.131433095803642,16,"yes","","TRES","Ithaca","Turkey_Hill","86","2019","Nestling","","","165","1","6",NA,NA,NA,"",NA,NA,NA,NA,NA,NA,NA,"",NA,"",NA,NA,NA,NA,"","","","","","","Turkey_Hill_86_2019","Light","Light_Control","Light_Light_Control",2526
"71","L19N014a",0.583333333333333,0.978693181818182,12,"yes","","TRES","Ithaca","Unit_4","71","2019","Nestling","","","165","1","6",NA,NA,NA,"",NA,NA,NA,NA,NA,NA,NA,"",NA,"",NA,NA,NA,NA,"","","","","","","Unit_4_71_2019","Light","Light_Control","Light_Light_Control",704
"72","L19N014b",0.444444444444444,0.878345498783455,9,"yes","","TRES","Ithaca","Unit_4","71","2019","Nestling","","","165","1","6",NA,NA,NA,"",NA,NA,NA,NA,NA,NA,NA,"",NA,"",NA,NA,NA,NA,"","","","","","","Unit_4_71_2019","Light","Light_Control","Light_Light_Control",411
"73","L19N014c",0.4375,0.990328327818783,16,"yes","","TRES","Ithaca","Unit_4","71","2019","Nestling","","","165","1","6",NA,NA,NA,"",NA,NA,NA,NA,NA,NA,NA,"",NA,"",NA,NA,NA,NA,"","","","","","","Unit_4_71_2019","Light","Light_Control","Light_Light_Control",3929
"74","L19N015a",0.727272727272727,0.896876337184424,11,"yes","","TRES","Ithaca","Unit_4","93","2019","Nestling","","","166","1","6",NA,NA,NA,"",NA,NA,NA,NA,NA,NA,NA,"",NA,"",NA,NA,NA,NA,"","","","","","","Unit_4_93_2019","Light","Light","Light_Light",2337
"75","L19N015b",0.833333333333333,0.917973462002413,6,"yes","","TRES","Ithaca","Unit_4","93","2019","Nestling","","","166","1","6",NA,NA,NA,"",NA,NA,NA,NA,NA,NA,NA,"",NA,"",NA,NA,NA,NA,"","","","","","","Unit_4_93_2019","Light","Light","Light_Light",6632
"76","L19N015c",0.666666666666667,0.963449553646623,15,"yes","","TRES","Ithaca","Unit_4","93","2019","Nestling","","","166","1","6",NA,NA,NA,"",NA,NA,NA,NA,NA,NA,NA,"",NA,"",NA,NA,NA,NA,"","","","","","","Unit_4_93_2019","Light","Light","Light_Light",5937
"77","L19N016a",0.333333333333333,0.977745524915336,15,"yes","","TRES","Ithaca","Unit_4","95","2019","Nestling","","","168","1","6",NA,NA,NA,"",NA,NA,NA,NA,NA,NA,NA,"",NA,"",NA,NA,NA,NA,"","","","","","","Unit_4_95_2019","Light","Light","Light_Light",2067
"78","L19N016b",0.5,0.95076892350709,14,"yes","","TRES","Ithaca","Unit_4","95","2019","Nestling","","","168","1","6",NA,NA,NA,"",NA,NA,NA,NA,NA,NA,NA,"",NA,"",NA,NA,NA,NA,"","","","","","","Unit_4_95_2019","Light","Light","Light_Light",10014
"79","L19N017a",0.615384615384615,0.966145833333333,13,"yes","","TRES","Ithaca","Turkey_Hill","97","2019","Nestling","","","168","1","6",NA,NA,NA,"",NA,NA,NA,NA,NA,NA,NA,"",NA,"",NA,NA,NA,NA,"","","","","","","Turkey_Hill_97_2019","Light","Light_Control","Light_Light_Control",384
"80","L19N017b",0.266666666666667,0.568487510293714,15,"yes","","TRES","Ithaca","Turkey_Hill","97","2019","Nestling","","","168","1","6",NA,NA,NA,"",NA,NA,NA,NA,NA,NA,NA,"",NA,"",NA,NA,NA,NA,"","","","","","","Turkey_Hill_97_2019","Light","Light_Control","Light_Light_Control",10929
"81","L19N017c",0.416666666666667,0.98377812663527,12,"yes","","TRES","Ithaca","Turkey_Hill","97","2019","Nestling","","","168","1","6",NA,NA,NA,"",NA,NA,NA,NA,NA,NA,NA,"",NA,"",NA,NA,NA,NA,"","","","","","","Turkey_Hill_97_2019","Light","Light_Control","Light_Light_Control",3822
"82","L19N018b",0.5,0.936066712995135,12,"yes","","TRES","Ithaca","Unit_4","61","2019","Nestling","","","170","1","6",NA,NA,NA,"",NA,NA,NA,NA,NA,NA,NA,"",NA,"",NA,NA,NA,NA,"","","","","","","Unit_4_61_2019","Light","Light_Control","Light_Light_Control",1439
"83","L19N018c",0.294117647058824,0.861313868613139,17,"yes","","TRES","Ithaca","Unit_4","61","2019","Nestling","","","170","1","6",NA,NA,NA,"",NA,NA,NA,NA,NA,NA,NA,"",NA,"",NA,NA,NA,NA,"","","","","","","Unit_4_61_2019","Light","Light_Control","Light_Light_Control",822
"84","L19N018d",0.333333333333333,0.323572003218021,18,"yes","","TRES","Ithaca","Unit_4","61","2019","Nestling","","","170","1","6",NA,NA,NA,"",NA,NA,NA,NA,NA,NA,NA,"",NA,"",NA,NA,NA,NA,"","","","","","","Unit_4_61_2019","Light","Light_Control","Light_Light_Control",6215
"85","L19N018e",0.466666666666667,0.800720720720721,15,"yes","","TRES","Ithaca","Unit_4","61","2019","Nestling","","","170","1","6",NA,NA,NA,"",NA,NA,NA,NA,NA,NA,NA,"",NA,"",NA,NA,NA,NA,"","","","","","","Unit_4_61_2019","Light","Light_Control","Light_Light_Control",2775
"86","L19N018f",0.5,0.758327427356485,14,"yes","","TRES","Ithaca","Unit_4","61","2019","Nestling","","","170","1","6",NA,NA,NA,"",NA,NA,NA,NA,NA,NA,NA,"",NA,"",NA,NA,NA,NA,"","","","","","","Unit_4_61_2019","Light","Light_Control","Light_Light_Control",1411
"87","L19N019a",0.454545454545455,0.850091407678245,11,"yes","","TRES","Ithaca","Unit_4","84","2019","Nestling","","","171","1","6",NA,NA,NA,"",NA,NA,NA,NA,NA,NA,NA,"",NA,"",NA,NA,NA,NA,"","","","","","","Unit_4_84_2019","Light","Light_Control","Light_Light_Control",547
"88","L19N019b",0.4,0.768583690987124,10,"yes","","TRES","Ithaca","Unit_4","84","2019","Nestling","","","171","1","6",NA,NA,NA,"",NA,NA,NA,NA,NA,NA,NA,"",NA,"",NA,NA,NA,NA,"","","","","","","Unit_4_84_2019","Light","Light_Control","Light_Light_Control",5825
"89","L19N019c",0.571428571428571,0.636363636363636,7,"yes","","TRES","Ithaca","Unit_4","84","2019","Nestling","","","171","1","6",NA,NA,NA,"",NA,NA,NA,NA,NA,NA,NA,"",NA,"",NA,NA,NA,NA,"","","","","","","Unit_4_84_2019","Light","Light_Control","Light_Light_Control",22
"90","L19N019d",0.352941176470588,0.449795820321883,17,"yes","","TRES","Ithaca","Unit_4","84","2019","Nestling","","","171","1","6",NA,NA,NA,"",NA,NA,NA,NA,NA,NA,NA,"",NA,"",NA,NA,NA,NA,"","","","","","","Unit_4_84_2019","Light","Light_Control","Light_Light_Control",8326
"91","L19N020a",0.333333333333333,0.227188081936685,12,"yes","","TRES","Ithaca","Unit_4","15","2019","Nestling","","","175","1","6",NA,NA,NA,"",NA,NA,NA,NA,NA,NA,NA,"",NA,"",NA,NA,NA,NA,"","","","","","","Unit_4_15_2019","Light","Light_Control","Light_Light_Control",537
"92","L19N020b",0.571428571428571,0.5,7,"yes","","TRES","Ithaca","Unit_4","15","2019","Nestling","","","175","1","6",NA,NA,NA,"",NA,NA,NA,NA,NA,NA,NA,"",NA,"",NA,NA,NA,NA,"","","","","","","Unit_4_15_2019","Light","Light_Control","Light_Light_Control",100
"93","L19N020c",0.5,0.820265379975875,18,"yes","","TRES","Ithaca","Unit_4","15","2019","Nestling","","","175","1","6",NA,NA,NA,"",NA,NA,NA,NA,NA,NA,NA,"",NA,"",NA,NA,NA,NA,"","","","","","","Unit_4_15_2019","Light","Light_Control","Light_Light_Control",2487
"94","L20N009",0.294117647058824,0.0091824644549763,17,"yes","","TRES","Ithaca","Unit_4","3","2020","Nestling","","6/10/20","162","","6",NA,NA,NA,"",NA,NA,NA,NA,NA,NA,NA,"",NA,"",NA,NA,NA,NA,"","","","","","","Unit_4_3_2020","CortMovement","Cort","CortMovement_Cort",3376
"95","L20N010",0.5,0.290598290598291,8,"yes","","TRES","Ithaca","Unit_4","3","2020","Nestling","","6/10/20","162","","6",NA,NA,NA,"",NA,NA,NA,NA,NA,NA,NA,"",NA,"",NA,NA,NA,NA,"","","","","","","Unit_4_3_2020","CortMovement","Cort","CortMovement_Cort",117
"96","L20N011",0.375,0.0355263157894737,16,"yes","","TRES","Ithaca","Unit_4","3","2020","Nestling","","6/10/20","162","","6",NA,NA,NA,"",NA,NA,NA,NA,NA,NA,NA,"",NA,"",NA,NA,NA,NA,"","","","","","","Unit_4_3_2020","CortMovement","Cort","CortMovement_Cort",760
"97","L20N012",0.181818181818182,0.0766871165644172,11,"yes","","TRES","Ithaca","Unit_4","3","2020","Nestling","","6/10/20","162","","6",NA,NA,NA,"",NA,NA,NA,NA,NA,NA,NA,"",NA,"",NA,NA,NA,NA,"","","","","","","Unit_4_3_2020","CortMovement","Cort","CortMovement_Cort",326
"98","L20N013",0.375,0.113636363636364,8,"yes","","TRES","Ithaca","Unit_4","3","2020","Nestling","","6/10/20","162","","6",NA,NA,NA,"",NA,NA,NA,NA,NA,NA,NA,"",NA,"",NA,NA,NA,NA,"","","","","","","Unit_4_3_2020","CortMovement","Cort","CortMovement_Cort",44
"99","L20N014",0.375,0.943384879725086,16,"yes","","TRES","Ithaca","Unit_4","13","2020","Nestling","","6/10/20","162","","6",NA,NA,NA,"",NA,NA,NA,NA,NA,NA,NA,"",NA,"",NA,NA,NA,NA,"","","","","","","Unit_4_13_2020","CortMovement","Control","CortMovement_Control",23280
"100","L20N015",0.35,0.78125,20,"yes","","TRES","Ithaca","Unit_4","13","2020","Nestling","","6/10/20","162","","6",NA,NA,NA,"",NA,NA,NA,NA,NA,NA,NA,"",NA,"",NA,NA,NA,NA,"","","","","","","Unit_4_13_2020","CortMovement","Control","CortMovement_Control",2400
"101","L20N016",0.333333333333333,0.65644701041874,27,"yes","","TRES","Ithaca","Unit_4","13","2020","Nestling","","6/10/20","162","","6",NA,NA,NA,"",NA,NA,NA,NA,NA,NA,NA,"",NA,"",NA,NA,NA,NA,"","","","","","","Unit_4_13_2020","CortMovement","Control","CortMovement_Control",15069
"102","L20N017",0.277777777777778,0.162201420271143,18,"yes","","TRES","Ithaca","Unit_4","13","2020","Nestling","","6/10/20","162","","6",NA,NA,NA,"",NA,NA,NA,NA,NA,NA,NA,"",NA,"",NA,NA,NA,NA,"","","","","","","Unit_4_13_2020","CortMovement","Control","CortMovement_Control",6196
"103","L20N018",0.3,0.894555434990745,20,"yes","","TRES","Ithaca","Unit_4","13","2020","Nestling","","6/10/20","162","","6",NA,NA,NA,"",NA,NA,NA,NA,NA,NA,NA,"",NA,"",NA,NA,NA,NA,"","","","","","","Unit_4_13_2020","CortMovement","Control","CortMovement_Control",15667
"104","L20N040",0.4,0.516600628501161,25,"yes","","TRES","Ithaca","Unit_4","63","2020","Nestling","","6/12/20","164","","6",NA,NA,NA,"",NA,NA,NA,NA,NA,NA,NA,"",NA,"",NA,NA,NA,NA,"","","","","","","Unit_4_63_2020","CortMovement","Cort","CortMovement_Cort",36595
"105","L20N041",0.37037037037037,0.948133198789102,27,"yes","","TRES","Ithaca","Unit_4","63","2020","Nestling","","6/12/20","164","","6",NA,NA,NA,"",NA,NA,NA,NA,NA,NA,NA,"",NA,"",NA,NA,NA,NA,"","","","","","","Unit_4_63_2020","CortMovement","Cort","CortMovement_Cort",19820
"106","L20N042",0.470588235294118,0.983243377520833,17,"yes","","TRES","Ithaca","Unit_4","63","2020","Nestling","","6/12/20","164","","6",NA,NA,NA,"",NA,NA,NA,NA,NA,NA,NA,"",NA,"",NA,NA,NA,NA,"","","","","","","Unit_4_63_2020","CortMovement","Cort","CortMovement_Cort",44281
"107","L20N043",0.32,0.947355345208815,25,"yes","","TRES","Ithaca","Unit_4","63","2020","Nestling","","6/12/20","164","","6",NA,NA,NA,"",NA,NA,NA,NA,NA,NA,NA,"",NA,"",NA,NA,NA,NA,"","","","","","","Unit_4_63_2020","CortMovement","Cort","CortMovement_Cort",40251
"108","L20N044",0.458333333333333,0.985303063483953,24,"yes","","TRES","Ithaca","Unit_4","63","2020","Nestling","","6/12/20","164","","6",NA,NA,NA,"",NA,NA,NA,NA,NA,NA,NA,"",NA,"",NA,NA,NA,NA,"","","","","","","Unit_4_63_2020","CortMovement","Cort","CortMovement_Cort",41097
"109","L20N045",0.363636363636364,0.990522392854848,22,"yes","","TRES","Ithaca","Unit_4","63","2020","Nestling","","6/12/20","164","","6",NA,NA,NA,"",NA,NA,NA,NA,NA,NA,NA,"",NA,"",NA,NA,NA,NA,"","","","","","","Unit_4_63_2020","CortMovement","Cort","CortMovement_Cort",31126
"110","L20N046",0.4,0.994640368742631,25,"yes","","TRES","Ithaca","Unit_4","97","2020","Nestling","","6/12/20","164","","6",NA,NA,NA,"",NA,NA,NA,NA,NA,NA,NA,"",NA,"",NA,NA,NA,NA,"","","","","","","Unit_4_97_2020","CortMovement","Control","CortMovement_Control",55974
"111","L20N047",0.285714285714286,0.592592592592593,7,"yes","","TRES","Ithaca","Unit_4","97","2020","Nestling","","6/12/20","164","","6",NA,NA,NA,"",NA,NA,NA,NA,NA,NA,NA,"",NA,"",NA,NA,NA,NA,"","","","","","","Unit_4_97_2020","CortMovement","Control","CortMovement_Control",27
"112","L20N048",0.363636363636364,0.0921052631578947,11,"yes","","TRES","Ithaca","Unit_4","97","2020","Nestling","","6/12/20","164","","6",NA,NA,NA,"",NA,NA,NA,NA,NA,NA,NA,"",NA,"",NA,NA,NA,NA,"","","","","","","Unit_4_97_2020","CortMovement","Control","CortMovement_Control",76
"113","L20N049",0.409090909090909,0.995301034201605,22,"yes","","TRES","Ithaca","Unit_4","97","2020","Nestling","","6/12/20","164","","6",NA,NA,NA,"",NA,NA,NA,NA,NA,NA,NA,"",NA,"",NA,NA,NA,NA,"","","","","","","Unit_4_97_2020","CortMovement","Control","CortMovement_Control",46606
"114","L20N050",0.25,0.947505411107154,16,"yes","","TRES","Ithaca","Unit_4","97","2020","Nestling","","6/12/20","164","","6",NA,NA,NA,"",NA,NA,NA,NA,NA,NA,NA,"",NA,"",NA,NA,NA,NA,"","","","","","","Unit_4_97_2020","CortMovement","Control","CortMovement_Control",36499
"115","L20N053",0.346153846153846,0.804769001490313,26,"yes","","TRES","Ithaca","Unit_4","89","2020","Nestling","","6/13/20","165","","6",NA,NA,NA,"",NA,NA,NA,NA,NA,NA,NA,"",NA,"",NA,NA,NA,NA,"","","","","","","Unit_4_89_2020","CortMovement","Cort","CortMovement_Cort",10065
"116","L20N054",0.241379310344828,0.00518090887944342,29,"yes","","TRES","Ithaca","Unit_4","89","2020","Nestling","","6/13/20","165","","6",NA,NA,NA,"",NA,NA,NA,NA,NA,NA,NA,"",NA,"",NA,NA,NA,NA,"","","","","","","Unit_4_89_2020","CortMovement","Cort","CortMovement_Cort",47289
"117","L20N055",0.368421052631579,0.0263347511796016,19,"yes","","TRES","Ithaca","Unit_4","89","2020","Nestling","","6/13/20","165","","6",NA,NA,NA,"",NA,NA,NA,NA,NA,NA,NA,"",NA,"",NA,NA,NA,NA,"","","","","","","Unit_4_89_2020","CortMovement","Cort","CortMovement_Cort",43023
"118","L20N056",0.291666666666667,0.10309988196279,24,"yes","","TRES","Ithaca","Unit_4","89","2020","Nestling","","6/13/20","165","","6",NA,NA,NA,"",NA,NA,NA,NA,NA,NA,NA,"",NA,"",NA,NA,NA,NA,"","","","","","","Unit_4_89_2020","CortMovement","Cort","CortMovement_Cort",71164
"119","L20N057",0.375,0.0339522269740273,16,"yes","","TRES","Ithaca","Unit_4","89","2020","Nestling","","6/13/20","165","","6",NA,NA,NA,"",NA,NA,NA,NA,NA,NA,NA,"",NA,"",NA,NA,NA,NA,"","","","","","","Unit_4_89_2020","CortMovement","Cort","CortMovement_Cort",38348
"120","L20N058",0.333333333333333,0.00968816227671813,12,"yes","","TRES","Ithaca","Unit_4","72","2020","Nestling","","6/13/20","165","","6",NA,NA,NA,"",NA,NA,NA,NA,NA,NA,NA,"",NA,"",NA,NA,NA,NA,"","","","","","","Unit_4_72_2020","CortMovement","Control","CortMovement_Control",3303
"121","L20N059",0.294117647058824,0.828184110970996,17,"yes","","TRES","Ithaca","Unit_4","72","2020","Nestling","","6/13/20","165","","6",NA,NA,NA,"",NA,NA,NA,NA,NA,NA,NA,"",NA,"",NA,NA,NA,NA,"","","","","","","Unit_4_72_2020","CortMovement","Control","CortMovement_Control",3172
"122","L20N060",0.318181818181818,0.168268639166519,22,"yes","","TRES","Ithaca","Unit_4","72","2020","Nestling","","6/13/20","165","","6",NA,NA,NA,"",NA,NA,NA,NA,NA,NA,NA,"",NA,"",NA,NA,NA,NA,"","","","","","","Unit_4_72_2020","CortMovement","Control","CortMovement_Control",73139
"123","L20N061",0.277777777777778,0.00744416873449132,18,"yes","","TRES","Ithaca","Unit_4","72","2020","Nestling","","6/13/20","165","","6",NA,NA,NA,"",NA,NA,NA,NA,NA,NA,NA,"",NA,"",NA,NA,NA,NA,"","","","","","","Unit_4_72_2020","CortMovement","Control","CortMovement_Control",2821
"124","L20N062",0.3125,0.191709844559585,16,"yes","","TRES","Ithaca","Unit_4","72","2020","Nestling","","6/13/20","165","","6",NA,NA,NA,"",NA,NA,NA,NA,NA,NA,NA,"",NA,"",NA,NA,NA,NA,"","","","","","","Unit_4_72_2020","CortMovement","Control","CortMovement_Control",193
"125","L20N074",0.285714285714286,0.0503789269856108,28,"yes","","TRES","Ithaca","Unit_4","6","2020","Nestling","","6/14/20","166","","6",NA,NA,NA,"",NA,NA,NA,NA,NA,NA,NA,"",NA,"",NA,NA,NA,NA,"","","","","","","Unit_4_6_2020","CortMovement","Control","CortMovement_Control",59906
"126","L20N075",0.357142857142857,0.686762778505898,14,"yes","","TRES","Ithaca","Unit_4","6","2020","Nestling","","6/14/20","166","","6",NA,NA,NA,"",NA,NA,NA,NA,NA,NA,NA,"",NA,"",NA,NA,NA,NA,"","","","","","","Unit_4_6_2020","CortMovement","Control","CortMovement_Control",1526
"127","L20N077",0.428571428571429,0.67682119205298,28,"yes","","TRES","Ithaca","Unit_4","65","2020","Nestling","","6/15/20","167","","6",NA,NA,NA,"",NA,NA,NA,NA,NA,NA,NA,"",NA,"",NA,NA,NA,NA,"","","","","","","Unit_4_65_2020","CortMovement","Cort","CortMovement_Cort",2265
"128","L20N078",0.238095238095238,0.996872400598902,21,"yes","","TRES","Ithaca","Unit_4","65","2020","Nestling","","6/15/20","167","","6",NA,NA,NA,"",NA,NA,NA,NA,NA,NA,NA,"",NA,"",NA,NA,NA,NA,"","","","","","","Unit_4_65_2020","CortMovement","Cort","CortMovement_Cort",30055
"129","L20N079",0.434782608695652,0.993830787309048,23,"yes","","TRES","Ithaca","Unit_4","65","2020","Nestling","","6/15/20","167","","6",NA,NA,NA,"",NA,NA,NA,NA,NA,NA,NA,"",NA,"",NA,NA,NA,NA,"","","","","","","Unit_4_65_2020","CortMovement","Cort","CortMovement_Cort",13616
"130","L20N080",0.5,0.893004115226337,16,"yes","","TRES","Ithaca","Unit_4","65","2020","Nestling","","6/15/20","167","","6",NA,NA,NA,"",NA,NA,NA,NA,NA,NA,NA,"",NA,"",NA,NA,NA,NA,"","","","","","","Unit_4_65_2020","CortMovement","Cort","CortMovement_Cort",486
"131","L20N094",0.36,0.820708202599731,25,"yes","","TRES","Ithaca","Unit_4","16","2020","Nestling","","6/16/20","168","","6",NA,NA,NA,"",NA,NA,NA,NA,NA,NA,NA,"",NA,"",NA,NA,NA,NA,"","","","","","","Unit_4_16_2020","CortMovement","Cort","CortMovement_Cort",2231
"132","L20N095",0.307692307692308,0.711898499149002,26,"yes","","TRES","Ithaca","Unit_4","16","2020","Nestling","","6/16/20","168","","6",NA,NA,NA,"",NA,NA,NA,NA,NA,NA,NA,"",NA,"",NA,NA,NA,NA,"","","","","","","Unit_4_16_2020","CortMovement","Cort","CortMovement_Cort",6463
"133","L20N096",0.352941176470588,0.458367016976556,17,"yes","","TRES","Ithaca","Unit_4","16","2020","Nestling","","6/16/20","168","","6",NA,NA,NA,"",NA,NA,NA,NA,NA,NA,NA,"",NA,"",NA,NA,NA,NA,"","","","","","","Unit_4_16_2020","CortMovement","Cort","CortMovement_Cort",2474
"134","L20N097",0.258064516129032,0.924728301324996,31,"yes","","TRES","Ithaca","Unit_4","16","2020","Nestling","","6/16/20","168","","6",NA,NA,NA,"",NA,NA,NA,NA,NA,NA,NA,"",NA,"",NA,NA,NA,NA,"","","","","","","Unit_4_16_2020","CortMovement","Cort","CortMovement_Cort",33585
"135","L20N098",0.333333333333333,0.611570247933884,18,"yes","","TRES","Ithaca","Unit_4","16","2020","Nestling","","6/16/20","168","","6",NA,NA,NA,"",NA,NA,NA,NA,NA,NA,NA,"",NA,"",NA,NA,NA,NA,"","","","","","","Unit_4_16_2020","CortMovement","Cort","CortMovement_Cort",242
"136","L20N099",0.272727272727273,0.303370786516854,11,"yes","","TRES","Ithaca","Unit_4","16","2020","Nestling","","6/16/20","168","","6",NA,NA,NA,"",NA,NA,NA,NA,NA,NA,NA,"",NA,"",NA,NA,NA,NA,"","","","","","","Unit_4_16_2020","CortMovement","Cort","CortMovement_Cort",89
"137","L20N114",0.4,0.828648440508279,30,"yes","","TRES","Ithaca","Unit_4","91","2020","Nestling","","6/17/20","169","","6",NA,NA,NA,"",NA,NA,NA,NA,NA,NA,NA,"",NA,"",NA,NA,NA,NA,"","","","","","","Unit_4_91_2020","CortMovement","Control","CortMovement_Control",12985
"138","L20N115",0.391304347826087,0.985819263191526,23,"yes","","TRES","Ithaca","Unit_4","91","2020","Nestling","","6/17/20","169","","6",NA,NA,NA,"",NA,NA,NA,NA,NA,NA,NA,"",NA,"",NA,NA,NA,NA,"","","","","","","Unit_4_91_2020","CortMovement","Control","CortMovement_Control",40689
"139","L20N116",0.523809523809524,0.925050100200401,21,"yes","","TRES","Ithaca","Unit_4","91","2020","Nestling","","6/17/20","169","","6",NA,NA,NA,"",NA,NA,NA,NA,NA,NA,NA,"",NA,"",NA,NA,NA,NA,"","","","","","","Unit_4_91_2020","CortMovement","Control","CortMovement_Control",2495
"140","L20N117",0.363636363636364,0.81182666985875,22,"yes","","TRES","Ithaca","Unit_4","91","2020","Nestling","","6/17/20","169","","6",NA,NA,NA,"",NA,NA,NA,NA,NA,NA,NA,"",NA,"",NA,NA,NA,NA,"","","","","","","Unit_4_91_2020","CortMovement","Control","CortMovement_Control",4177
"141","L20N129",0.269230769230769,0.84991747229427,26,"yes","","TRES","Ithaca","Unit_4","105","2020","Nestling","","6/18/20","170","","6",NA,NA,NA,"",NA,NA,NA,NA,NA,NA,NA,"",NA,"",NA,NA,NA,NA,"","","","","","","Unit_4_105_2020","CortMovement","Cort","CortMovement_Cort",33928
"142","L20N130",0.285714285714286,0.873347660965054,21,"yes","","TRES","Ithaca","Unit_4","105","2020","Nestling","","6/18/20","170","","6",NA,NA,NA,"",NA,NA,NA,NA,NA,NA,NA,"",NA,"",NA,NA,NA,NA,"","","","","","","Unit_4_105_2020","CortMovement","Cort","CortMovement_Cort",33967
"143","L20N131",0.357142857142857,0.575,14,"yes","","TRES","Ithaca","Unit_4","105","2020","Nestling","","6/18/20","170","","6",NA,NA,NA,"",NA,NA,NA,NA,NA,NA,NA,"",NA,"",NA,NA,NA,NA,"","","","","","","Unit_4_105_2020","CortMovement","Cort","CortMovement_Cort",160
"144","L20N132",0.318181818181818,0.336161187698834,22,"yes","","TRES","Ithaca","Unit_4","105","2020","Nestling","","6/18/20","170","","6",NA,NA,NA,"",NA,NA,NA,NA,NA,NA,NA,"",NA,"",NA,NA,NA,NA,"","","","","","","Unit_4_105_2020","CortMovement","Cort","CortMovement_Cort",943
"145","L20N133",0.409090909090909,0.105225988700565,22,"yes","","TRES","Ithaca","Unit_4","105","2020","Nestling","","6/18/20","170","","6",NA,NA,NA,"",NA,NA,NA,NA,NA,NA,NA,"",NA,"",NA,NA,NA,NA,"","","","","","","Unit_4_105_2020","CortMovement","Cort","CortMovement_Cort",4248
"146","L20N171",0.28,0.397938144329897,25,"yes","","TRES","Ithaca","Unit_4","101","2020","Nestling","","6/19/20","171","","6",NA,NA,NA,"",NA,NA,NA,NA,NA,NA,NA,"",NA,"",NA,NA,NA,NA,"","","","","","","Unit_4_101_2020","CortMovement","Cort","CortMovement_Cort",970
"147","L20N172",0.269230769230769,0.23724971666037,26,"yes","","TRES","Ithaca","Unit_4","101","2020","Nestling","","6/19/20","171","","6",NA,NA,NA,"",NA,NA,NA,NA,NA,NA,NA,"",NA,"",NA,NA,NA,NA,"","","","","","","Unit_4_101_2020","CortMovement","Cort","CortMovement_Cort",5294
"148","L20N173",0.36,0.110659852149311,25,"yes","","TRES","Ithaca","Unit_4","101","2020","Nestling","","6/19/20","171","","6",NA,NA,NA,"",NA,NA,NA,NA,NA,NA,NA,"",NA,"",NA,NA,NA,NA,"","","","","","","Unit_4_101_2020","CortMovement","Cort","CortMovement_Cort",21914
"149","L20N174",0.411764705882353,0.999019088537069,17,"yes","","TRES","Ithaca","Unit_4","101","2020","Nestling","","6/19/20","171","","6",NA,NA,NA,"",NA,NA,NA,NA,NA,NA,NA,"",NA,"",NA,NA,NA,NA,"","","","","","","Unit_4_101_2020","CortMovement","Cort","CortMovement_Cort",50973
"150","L20N175",0.363636363636364,0.41890864873081,22,"yes","","TRES","Ithaca","Unit_4","101","2020","Nestling","","6/19/20","171","","6",NA,NA,NA,"",NA,NA,NA,NA,NA,NA,NA,"",NA,"",NA,NA,NA,NA,"","","","","","","Unit_4_101_2020","CortMovement","Cort","CortMovement_Cort",6579
"151","L20N176",0.363636363636364,0.130176280379681,22,"yes","","TRES","Ithaca","Unit_4","101","2020","Nestling","","6/19/20","171","","6",NA,NA,NA,"",NA,NA,NA,NA,NA,NA,NA,"",NA,"",NA,NA,NA,NA,"","","","","","","Unit_4_101_2020","CortMovement","Cort","CortMovement_Cort",9587
"152","L20N201",0.28,0.00729229531281432,25,"yes","","TRES","Ithaca","Unit_4","78","2020","Nestling","","6/20/20","172","","6",NA,NA,NA,"",NA,NA,NA,NA,NA,NA,NA,"",NA,"",NA,NA,NA,NA,"","","","","","","Unit_4_78_2020","CortMovement","Cort","CortMovement_Cort",19884
"153","L20N202",0.181818181818182,0.00870625108828139,22,"yes","","TRES","Ithaca","Unit_4","78","2020","Nestling","","6/20/20","172","","6",NA,NA,NA,"",NA,NA,NA,NA,NA,NA,NA,"",NA,"",NA,NA,NA,NA,"","","","","","","Unit_4_78_2020","CortMovement","Cort","CortMovement_Cort",5743
"154","L20N203",0.16,0.000294782352363172,25,"yes","","TRES","Ithaca","Unit_4","78","2020","Nestling","","6/20/20","172","","6",NA,NA,NA,"",NA,NA,NA,NA,NA,NA,NA,"",NA,"",NA,NA,NA,NA,"","","","","","","Unit_4_78_2020","CortMovement","Cort","CortMovement_Cort",50885
"155","L20N204",0.16,0.130232558139535,25,"yes","","TRES","Ithaca","Unit_4","78","2020","Nestling","","6/20/20","172","","6",NA,NA,NA,"",NA,NA,NA,NA,NA,NA,NA,"",NA,"",NA,NA,NA,NA,"","","","","","","Unit_4_78_2020","CortMovement","Cort","CortMovement_Cort",215
"156","L20N205",0.238095238095238,0.712889330682571,21,"yes","","TRES","Ithaca","Unit_4","78","2020","Nestling","","6/20/20","172","","6",NA,NA,NA,"",NA,NA,NA,NA,NA,NA,NA,"",NA,"",NA,NA,NA,NA,"","","","","","","Unit_4_78_2020","CortMovement","Cort","CortMovement_Cort",6036
"157","L20N206",0.263157894736842,0.852858339042399,19,"yes","","TRES","Ithaca","Unit_4","78","2020","Nestling","","6/20/20","172","","6",NA,NA,NA,"",NA,NA,NA,NA,NA,NA,NA,"",NA,"",NA,NA,NA,NA,"","","","","","","Unit_4_78_2020","CortMovement","Cort","CortMovement_Cort",13137
"158","LN19007c",0.6,0.550724637681159,5,"yes","","TRES","Ithaca","Turkey_Hill","106","2019","Nestling","","","162","1","6",NA,NA,NA,"",NA,NA,NA,NA,NA,NA,NA,"",NA,"",NA,NA,NA,NA,"","","","","","","Turkey_Hill_106_2019","Light","Light","Light_Light",69
"159","LN19018a",0.333333333333333,0.848484848484848,6,"yes","","TRES","Ithaca","Unit_4","61","2019","Nestling","","","170","1","6",NA,NA,NA,"",NA,NA,NA,NA,NA,NA,NA,"",NA,"",NA,NA,NA,NA,"","","","","","","Unit_4_61_2019","Light","Light_Control","Light_Light_Control",33
"160","P19N021",0.7,0.999757062539044,10,"yes","272106697","TRES","Ithaca","Turkey_Hill","11","2019","Adult","F","5/25/19","145","1","ASY",21,27.9,117,"B_S_D",0.99,1.05,NA,NA,28.13,29.75,NA,"Dex",9.5,"",NA,11.47,12.13,NA,"","M19N024","190028","","61337F2D","Egg Photo
Eye Button: D8B21
On female took old RFID to put life tag","Turkey_Hill_11_2019","Light","Light_Control","Light_Light_Control",28814
"161","P19N023",0.416666666666667,0.176470588235294,12,"yes","263114113","TRES","Ithaca","Unit_4","94","2019","Adult","F","5/26/19","146","1","ASY",24,28.1,118,"B_S_D",0,0.47,NA,NA,25.51,26.97,NA,"Dex",11,"",NA,8.38,8.86,NA,"","M19N026","190030","","61341E4C","Old PIT tag removed to put on life tag. Microbiome swab not inserted fully.","Unit_4_94_2019","Light","Light_Control","Light_Light_Control",204
"162","P19N024",0.5,0.568201771889217,12,"yes","240134898","TRES","Ithaca","Unit_4","97","2019","Adult","F","5/26/19","146","1","ASY",24.5,27.5,113,"B_S_D",2.41,2.55,NA,NA,42.66,45.11,NA,"Dex",11.5,"",NA,15.44,16.32,NA,"","M19N027","190031","","61336119","Old PIT tag removed to put on life tag with glued new PIT tag.","Unit_4_97_2019","Light","Light","Light_Light",12529
"163","P19N026",0.545454545454545,0.987709212426723,11,"yes","272106655","TRES","Ithaca","Turkey_Hill","3","2019","Adult","F","5/27/19","147","1","ASY",22,31.5,123,"B_S_D",4.11,4.35,NA,NA,47.82,50.58,NA,"Dex",10,"",NA,11.35,12,NA,"","M19N031","190035","","6134617F","egg photo","Turkey_Hill_3_2019","Light","Light","Light_Light",35311
"164","P19N027",0.555555555555556,0.999386578333947,9,"yes","278172401","TRES","Ithaca","Turkey_Hill","106","2019","Adult","F","5/27/19","147","1","ASY",23,27.4,115,"B_S_D",0.37,0.47,NA,NA,27.33,28.91,NA,"Dex",10.5,"",NA,6.65,7.03,NA,"","M19N032","190036","","61340066","egg photo, wing photo","Turkey_Hill_106_2019","Light","Light","Light_Light",8151
"165","P19N040",0.444444444444444,0.978609625668449,9,"yes","272107599","TRES","Ithaca","Unit_4","80","2019","Adult","F","5/28/19","148","1","ASY",25,27.4,121,"B_S_D",0.79,0.83,NA,NA,85.56,90.48,NA,"Dex",11.5,"",NA,23.22,24.56,NA,"","M19N047","190051","","61342D00","Ibutton, egg photo","Unit_4_80_2019","Light","Light","Light_Light",374
"166","P19N056",0.6,0.392169263496809,10,"yes","278172403","TRES","Ithaca","Turkey_Hill","121","2019","Adult","F","5/29/19","149","1","ASY",21.5,28.4,114,"B_S_D",4.51,4.77,NA,NA,36.88,39,NA,"Dex",9.5,"",NA,9.47,10.02,NA,"","M19N067","190074","","6134612D","","Turkey_Hill_121_2019","Light","Light_Control","Light_Light_Control",17393
"167","P19N065",0.555555555555556,0.960147601476015,9,"yes","272107803","TRES","Ithaca","Unit_4","87","2019","Adult","F","5/30/19","150","1","ASY",23,28.2,115,"B_S_D",0.01,0.47,NA,NA,41.95,44.37,NA,"Dex",10.5,"",NA,17.72,18.74,NA,"","M19N077","190084","","61335207","ibutton, egg photo","Unit_4_87_2019","Light","Light","Light_Light",1355
"168","P19N066",0.45,0.706869865460174,20,"yes","235120680","TRES","Ithaca","Unit_4","93","2019","Adult","F","5/30/19","150","1","ASY",24,27.7,116,"B_S_D",0,0.47,NA,NA,38.42,40.63,NA,"Dex",11,"",NA,10.57,11.18,NA,"","M19N078","190085","","61346166","ibutton: C4621, egg photo","Unit_4_93_2019","Light","Light","Light_Light",16798
"169","P19N078",0.538461538461538,0.976547644200296,13,"yes","272107450","TRES","Ithaca","Turkey_Hill","86","2019","Adult","F","5/31/19","151","1","SY",23.25,27.2,119,"B_S_D",0,0.47,NA,NA,14.88,15.74,NA,"Dex",10.5,"",NA,9.49,10.04,NA,"","M19N090","190097","","61335234","","Turkey_Hill_86_2019","Light","Light_Control","Light_Light_Control",9466
"170","P19N079",0.5,0.953272995158914,8,"yes","278172405","TRES","Ithaca","Turkey_Hill","134","2019","Adult","F","5/31/19","151","1","SY",22.5,27.5,115,"B_S_D",0.53,0.57,NA,NA,18.83,19.92,NA,"Dex",10.25,"",NA,8.69,9.19,NA,"","M19N091","190098","","61346178","","Turkey_Hill_134_2019","Light","Light","Light_Light",9502
"171","P19N080",0.4375,0.996815903867985,16,"yes","278172404","TRES","Ithaca","Turkey_Hill","51","2019","Adult","F","5/31/19","151","1","SY",22,29.1,114,"B_S_D",0.29,0.47,NA,NA,10.5,11.1,NA,"Dex",10,"",NA,7.44,7.87,NA,"","M19N092","190099","","61337F1E","","Turkey_Hill_51_2019","Light","Light_Control","Light_Light_Control",36117
"172","P19N081",0.333333333333333,0.373101952277657,15,"yes","272107842","TRES","Ithaca","Turkey_Hill","55","2019","Adult","F","5/31/19","151","1","ASY",23,28.2,114,"B_S_D",0.04,0.47,NA,NA,41.21,43.58,NA,"Dex",10.5,"",NA,7.57,8.01,NA,"","M19N093","190100","","61344C66","","Turkey_Hill_55_2019","Light","Light","Light_Light",461
"173","P19N087",0.5,0.924471299093656,8,"yes","278172409","TRES","Ithaca","Unit_4","7","2019","Adult","F","6/1/19","152","1","ASY",23,28.4,113,"B_S_D",0.15,0.47,NA,NA,80.99,85.65,NA,"Dex",10.5,"",NA,13.82,14.61,NA,"","M19N100","190107","","6133002A","","Unit_4_7_2019","Light","Light_Control","Light_Light_Control",662
"174","P19N088",0.3,0.0147058823529412,10,"yes","278172406","TRES","Ithaca","Unit_4","18","2019","Adult","F","6/1/19","152","1","SY",23.5,27.2,115,"B_S_D",1.03,1.09,NA,NA,63.97,67.66,NA,"Dex",10.75,"",NA,10.51,11.12,NA,"","M19N101","190108","","61340078","Toe fell off in bag due to Pox","Unit_4_18_2019","Light","Light","Light_Light",204
"175","P19N099",0.714285714285714,0.991266375545852,7,"yes","272107290","TRES","Ithaca","Turkey_Hill","97","2019","Adult","F","6/2/19","153","1","ASY",24,27.5,117,"B_S",0,0.47,NA,NA,47.31,50.03,NA,"Dex",11,"",NA,NA,NA,NA,"","M19N114","190122","","61342D55","-Haematoma in both wings; could not get Dex bleed
-14 feathers / mites","Turkey_Hill_97_2019","Light","Light_Control","Light_Light_Control",458
"176","P19N100",0.333333333333333,0.4,9,"yes","278172411","TRES","Ithaca","Unit_4","84","2019","Adult","F","6/3/19","154","1","ASY",24.5,27.6,115,"B_S_D",3.72,3.94,NA,NA,87.28,92.31,NA,"Dex",11.5,"",NA,NA,NA,NA,"","M19N115","190123","","61346152","No blood taken for Dex.
Ibutton: Yes
Egg photo: Yes
Poxy toe: Yes","Unit_4_84_2019","Light","Light_Control","Light_Light_Control",15
"177","P19N101",0.4,0.678571428571428,5,"yes","278172410","TRES","Ithaca","Unit_4","95","2019","Adult","F","6/3/19","154","1","ASY",23.5,27.9,110,"B_S_D",2.22,2.34,NA,NA,54.93,58.09,NA,"Dex",11,"",NA,18.4,19.46,NA,"","M19N116","190124","","61614B55","","Unit_4_95_2019","Light","Light","Light_Light",28
"178","P19N124",0.384615384615385,0.000461542638394918,13,"yes","278172412","TRES","Ithaca","Unit_4","61","2019","Adult","F","6/5/19","156","1","SY",22.25,29.2,114,"B_S_D",3.04,3.21,NA,NA,44.11,46.65,NA,"Dex",10,"",NA,23.2,24.54,NA,"","M19N153","190161","","61344B34","Egg Photo: N","Unit_4_61_2019","Light","Light_Control","Light_Light_Control",36833
"179","P19N166",0.5,0.000419303194327971,10,"yes","278172413","TRES","Ithaca","Unit_4","15","2019","Adult","F","6/9/19","160","1","SY",22.5,27.5,115,"B_S_D",0.59,0.63,NA,NA,59.58,63.01,NA,"Dex",10.5,"",NA,10.5,11.1,NA,"","M19N197","190216","","6134002A","","Unit_4_15_2019","Light","Light_Control","Light_Light_Control",26234
"180","P19N167",0.6,0.981617647058823,5,"yes","272106697","TRES","Ithaca","Turkey_Hill","11","2019","Adult","F","6/9/19","160","3","ASY",20.75,NA,NA,"B_S_D",3.66,3.87,NA,NA,NA,NA,NA,"",NA,"",NA,NA,NA,NA,"","","19N0476","","","","Turkey_Hill_11_2019","Light","Light_Control","Light_Light_Control",272
"181","P19N185",0.6,0.75,5,"yes","278172419","TRES","Ithaca","Turkey_Hill","116","2019","Adult","F","6/10/19","161","1","SY",19.5,26.7,116,"B_S_D",0.57,0.61,NA,NA,32.59,34.47,NA,"Dex",9,"",NA,22.14,23.42,NA,"","M19N211","190239","","6134617F","","Turkey_Hill_116_2019","Light","Light_Control","Light_Light_Control",8
"182","P19N213",0.4,0.0227765726681128,5,"yes","278172402","TRES","Ithaca","Unit_4","78","2019","Adult","F","6/12/19","163","3","ASY",21.75,NA,NA,"B_S_D",0.77,0.82,NA,NA,NA,NA,NA,"",NA,"",NA,NA,NA,NA,"","","190282","","","","Unit_4_78_2019","Light","Light_Control","Light_Light_Control",2766
"183","P19N214",0.75,0.458715596330275,4,"yes","272107599","TRES","Ithaca","Unit_4","80","2019","Adult","F","6/12/19","163","3","ASY",19.5,NA,NA,"B_S_D",3.62,3.83,NA,NA,NA,NA,NA,"",NA,"",NA,NA,NA,NA,"","","190283","","","","Unit_4_80_2019","Light","Light","Light_Light",218
"184","P19N256",1,1,4,"yes","272107450","TRES","Ithaca","Turkey_Hill","86","2019","Adult","F","6/14/19","165","3","SY",20,NA,NA,"B_S_D",4.77,5.04,NA,NA,NA,NA,NA,"",NA,"",NA,NA,NA,NA,"","","190370","","","","Turkey_Hill_86_2019","Light","Light_Control","Light_Light_Control",30528
"185","P19N258",0.454545454545455,0.986516149263092,11,"yes","278172405","TRES","Ithaca","Turkey_Hill","134","2019","Adult","F","6/14/19","165","3","SY",18.5,NA,NA,"B_S_D",4.3,4.54,NA,NA,NA,NA,NA,"",NA,"",NA,NA,NA,NA,"","","190372","","","","Turkey_Hill_134_2019","Light","Light","Light_Light",3189
"186","P19N267",0.466666666666667,0.00577570296384757,15,"yes","235120680","TRES","Ithaca","Unit_4","93","2019","Adult","F","6/15/19","166","3","ASY",19.5,NA,NA,"",1.06,1.12,NA,NA,NA,NA,NA,"",NA,"",NA,NA,NA,NA,"","","190402","","","Female third capture life tag gone, bare patch of skin plus mass made reattachment impossble. Attached pit tag to leg","Unit_4_93_2019","Light","Light","Light_Light",46055
"187","P19N323",0.461538461538462,0.870036513007759,13,"yes","278172410","TRES","Ithaca","Unit_4","95","2019","Adult","F","6/17/19","168","3","ASY",19,NA,NA,"M",0,0.47,NA,NA,NA,NA,NA,"",NA,"",NA,NA,NA,NA,"","","190533","","61340052","New life tag and PIT were put @midnight","Unit_4_95_2019","Light","Light","Light_Light",8764
"188","P19N324",0.470588235294118,0.739488587609405,17,"yes","272107290","TRES","Ithaca","Turkey_Hill","97","2019","Adult","F","6/17/19","168","3","ASY",18.5,NA,NA,"B_S",0.4,0.47,NA,NA,NA,NA,NA,"",NA,"",NA,NA,NA,NA,"","","190534","","","","Turkey_Hill_97_2019","Light","Light_Control","Light_Light_Control",17481
"189","P19N367",0.391304347826087,0.621625251846877,23,"yes","278172412","TRES","Ithaca","Unit_4","61","2019","Adult","F","6/19/19","170","3","SY",18.5,NA,NA,"B_S_D",2.79,2.95,NA,NA,NA,NA,NA,"",NA,"",NA,NA,NA,NA,"","","190624","","61344B34","","Unit_4_61_2019","Light","Light_Control","Light_Light_Control",7445
"190","P19N455",0.388888888888889,0.65738555922605,18,"yes","278172413","TRES","Ithaca","Unit_4","15","2019","Adult","F","6/24/19","175","3","SY",16.75,NA,NA,"B_S",28.98,30.65,NA,NA,NA,NA,NA,"",NA,"",NA,NA,NA,NA,"","","190790","","6134002A","Preen gland exposed Tag a little loose, added more glue at third capture.","Unit_4_15_2019","Light","Light_Control","Light_Light_Control",2119
"191","P20N122",0.25,0.00127145581691036,16,"yes","281174202","TRES","Ithaca","Unit_4","3","2020","Adult","F","6/10/20","162","2","SY",19,28.7,116,"B_S",88.16,93.97,NA,NA,128.28,136.73,NA,"",NA,"",NA,NA,NA,NA,"","M20N147","200168","","ZD782D4CAZ","","Unit_4_3_2020","CortMovement","Cort","CortMovement_Cort",11011
"192","P20N123",0.277777777777778,0.90713239907969,18,"yes","281174201","TRES","Ithaca","Unit_4","13","2020","Adult","F","6/10/20","162","2","ASY",18.5,28.7,114,"B_S",2.43,2.59,NA,NA,77.47,82.58,NA,"",NA,"",NA,NA,NA,NA,"","M20N148","200169","","19552A3390","","Unit_4_13_2020","CortMovement","Control","CortMovement_Control",28686
"193","P20N143",0.407407407407407,0.924176825794691,27,"yes","281174203","TRES","Ithaca","Turkey_Hill","48","2020","Adult","F","6/11/20","163","2","ASY",20,28.6,117,"B_S",1.56,1.67,NA,NA,26.95,28.73,NA,"",NA,"",NA,NA,NA,NA,"","M20N168","200203","","4B074C550C","At this capture previous life tag and PIT had fallen off, replaced with these ones","Turkey_Hill_48_2020","CortMovement","Control","CortMovement_Control",17554
"194","P20N150",0.380952380952381,0.0661463965022801,21,"yes","281174204","TRES","Ithaca","Unit_4","63","2020","Adult","F","6/12/20","164","2","ASY",19.25,28.9,118,"B_S",79.67,84.92,NA,NA,113.33,120.79,NA,"",NA,"",NA,NA,NA,NA,"","M20N174","200214","B20N013","","Life tag had fallen off","Unit_4_63_2020","CortMovement","Cort","CortMovement_Cort",63813
"195","P20N151",0.363636363636364,0.527363184079602,11,"yes","235120646","TRES","Ithaca","Unit_4","97","2020","Adult","F","6/12/20","164","2","ASY",20.75,29,125,"B_S",1.79,1.92,NA,NA,26.33,28.07,NA,"",NA,"",NA,NA,NA,NA,"","M20N175","200215","","3478ZA2D28","","Unit_4_97_2020","CortMovement","Control","CortMovement_Control",402
"196","P20N152",0.4,0.0395988686037542,10,"yes","281174901","TRES","Ithaca","Turkey_Hill","31","2020","Adult","F","6/12/20","164","2","SY",19.25,28.8,111,"B_S",2.32,2.48,NA,NA,34.19,36.45,NA,"",NA,"",NA,NA,NA,NA,"","M20N176","200216","","554C1E34C3","","Turkey_Hill_31_2020","CortMovement","Cort","CortMovement_Cort",11667
"197","P20N153",0.454545454545455,0.994616977225673,11,"yes","281174205","TRES","Ithaca","Turkey_Hill","50","2020","Adult","F","6/12/20","164","2","SY",18.75,28,115,"B_S",2.43,2.6,NA,NA,33.38,35.59,NA,"",NA,"",NA,NA,NA,NA,"","M20N177","200217","B20N014","","","Turkey_Hill_50_2020","CortMovement","Control","CortMovement_Control",4830
"198","P20N155",0.555555555555556,0.743421052631579,9,"yes","278172147","TRES","Ithaca","Unit_4","72","2020","Adult","F","6/13/20","165","2","ASY",20.5,28.4,117,"B_S",5.04,5.37,NA,NA,19.59,20.88,NA,"",NA,"",NA,NA,NA,NA,"","M20N178","200219","","19344B4BB1","","Unit_4_72_2020","CortMovement","Control","CortMovement_Control",304
"199","P20N157",0.368421052631579,0.343558282208589,19,"yes","278172408","TRES","Ithaca","Unit_4","89","2020","Adult","F","6/13/20","165","2","ASY",19,28.2,117,"B_S",203.86,217.29,NA,NA,241.41,257.31,NA,"",NA,"",NA,NA,NA,NA,"","M20N179","200221","B20N016","55556678B2","","Unit_4_89_2020","CortMovement","Cort","CortMovement_Cort",163
"200","P20N160",0.272727272727273,0.960952564596992,22,"yes","281174206","TRES","Ithaca","Turkey_Hill","69","2020","Adult","F","6/13/20","165","2","ASY",18.25,27.8,113,"B_S",3.38,3.61,NA,NA,36.89,39.32,NA,"",NA,"",NA,NA,NA,NA,"","M20N183","200227","B20N018","4B072D4BB6","","Turkey_Hill_69_2020","CortMovement","Control","CortMovement_Control",10372
"201","P20N166",0.352941176470588,0.987065700802082,17,"yes","281174902","TRES","Ithaca","Unit_4","6","2020","Adult","F","6/14/20","166","2","ASY",19.75,28,116,"B_S",0.53,0.57,NA,NA,43.01,45.87,NA,"",NA,"",NA,NA,NA,NA,"","M20N186","200234","","553478347E","","Unit_4_6_2020","CortMovement","Control","CortMovement_Control",51491
"202","P20N171",0.142857142857143,0.0233333333333333,14,"yes","278172156","TRES","Ithaca","Unit_4","65","2020","Adult","F","6/15/20","167","2","ASY",18.25,28.4,116,"B_S",5.22,5.57,NA,NA,108.32,115.46,NA,"",NA,"",NA,NA,NA,NA,"","M20N189","200240","","52526678C6","glue added to life tag","Unit_4_65_2020","CortMovement","Cort","CortMovement_Cort",300
"203","P20N175",0.2,0.0340632603406326,10,"yes","281174209","TRES","Ithaca","Unit_4","16","2020","Adult","F","6/16/20","168","2","ASY",20.25,28.4,119,"B_S",65.11,69.4,NA,NA,203.3,216.7,NA,"",NA,"",NA,NA,NA,NA,"","M20N193","200248","","557820335A","","Unit_4_16_2020","CortMovement","Cort","CortMovement_Cort",411
"204","P20N178",0.533333333333333,0.906804733727811,15,"yes","281174904","TRES","Ithaca","Turkey_Hill","137","2020","Adult","F","6/17/20","169","2","SY",18.75,28.8,118,"B_S",223.85,238.6,NA,NA,98.61,105.11,NA,"",NA,"",NA,NA,NA,NA,"","M20N195","200262","B20N023","4B786166F2","","Turkey_Hill_137_2020","CortMovement","Cort","CortMovement_Cort",676
"205","P20N180",0.409090909090909,0.00395873320537428,22,"yes","281174212","TRES","Ithaca","Unit_4","105","2020","Adult","F","6/18/20","170","2","ASY",18.5,27.4,117,"B_S",17.3,18.44,NA,NA,64.86,69.13,NA,"",NA,"",NA,NA,NA,NA,"","M20N197","200270","B20N024","194BZD3460","","Unit_4_105_2020","CortMovement","Cort","CortMovement_Cort",33344
"206","P20N181",0.388888888888889,0.858689458689459,18,"yes","281174211","TRES","Ithaca","Turkey_Hill","56","2020","Adult","F","6/18/20","170","2","SY",18,28.5,115,"B_S",179.75,191.59,NA,NA,135.76,144.7,NA,"",NA,"",NA,NA,NA,NA,"","M20N198","200271","B20N025","3407612DC4","No stress bleed time listed and release is much later than 30 minutes so not sure about timing","Turkey_Hill_56_2020","CortMovement","Cort","CortMovement_Cort",1755
"207","P20N185",0.357142857142857,0.00817177637511271,14,"yes","281128402","TRES","Ithaca","Unit_4","101","2020","Adult","F","6/19/20","171","2","ASY",18.75,28.2,122,"B_S",69.5,74.08,NA,NA,37.68,40.17,NA,"",NA,"",NA,NA,NA,NA,"","M20N202","200298","B20N026","34784B1E5","Swab hit tail on way out of bird","Unit_4_101_2020","CortMovement","Cort","CortMovement_Cort",17744
"208","P20N186",0.444444444444444,0.1090573012939,18,"yes","281174215","TRES","Ithaca","Turkey_Hill","32","2020","Adult","F","6/19/20","171","2","SY",17.75,28.8,115,"B_S",2.45,2.62,NA,NA,37.73,40.22,NA,"",NA,"",NA,NA,NA,NA,"","M20N203","200299","","34074B610B","","Turkey_Hill_32_2020","CortMovement","Control","CortMovement_Control",541
"209","P20N187",0.142857142857143,0.202662721893491,21,"yes","281174213","TRES","Ithaca","Unit_4","78","2020","Adult","F","6/20/20","172","2","SY",18,28.2,116,"B_S",132.31,141.03,NA,NA,NA,NA,NA,"",NA,"",NA,NA,NA,NA,"","M20N204","200316","","6607072A8A","escaped from bag through hole before stress bleed","Unit_4_78_2020","CortMovement","Cort","CortMovement_Cort",676
"210","P20N190",0.291666666666667,0.616211871866508,24,"yes","281174216","TRES","Ithaca","Turkey_Hill","123","2020","Adult","F","6/22/20","174","2","SY",18.5,28.8,112,"B_S",2.6,2.78,NA,NA,28.54,30.43,NA,"",NA,"",NA,NA,NA,NA,"","M20N208","200686","B20N027","194B4B1E3D","","Turkey_Hill_123_2020","CortMovement","Control","CortMovement_Control",26129
